vehicle,vehicleType,weapon,role,class,asset,projectile,profile,override,rpm,rpmPractical,mv,dmgMax,penMM,mag,mags,reload,moa,power,ceiling,sway,curve,impactPower,innerR,outerR,radialCeiling,expBase,expInner,expOuter,expKill,impactDmg,variants
9M133 Kornet High Explosive Anti-Tank,Emplacement,9M133 Kornet High Explosive Anti-Tank,ATGM,atgm,Emplaced_Kornet/BP_EmplacedKornet,BP_Kornet_Proj2,Explosion_Suppression_90mm_Frag_NoPassby,False,706,7,,1800.0,900,1,1,8.666999816894531,1.0,0.0,2.0,,,4.25,1500.0,3000.0,5.0,153.0,200.0,800.0,,1800.0,1
BGM-71 TOW High Explosive Anti-Tank,Emplacement,BGM-71 TOW High Explosive Anti-Tank,ATGM,atgm,Emplaced_BGM71TOW/BP_EmplacedBGM71TOW,BP_TOW_Proj,Explosion_Suppression_90mm_Frag_NoPassby,False,706,5,,1800.0,900,1,1,12.5,1.0,0.0,2.0,,,4.25,1500.0,3000.0,5.0,153.0,200.0,800.0,,1800.0,3
F2 MILAN High Explosive Anti-Tank,Emplacement,F2 MILAN High Explosive Anti-Tank,ATGM,atgm,Emplaced_F2_MILAN/BP_Emplaced_F2_Milan,BP_MILAN_Proj,Explosion_Suppression_90mm_Frag_NoPassby,False,706,9,,1800.0,900,1,1,6.829999923706055,1.0,0.0,2.0,,,4.25,1500.0,3000.0,5.0,153.0,200.0,800.0,,1800.0,1
HJ-8L High Explosive Anti-Tank,Emplacement,HJ-8L High Explosive Anti-Tank,ATGM,atgm,Emplaced_HJ-8ATGM/BP_Emplaced_HJ-8ATGM,BP_HJ-8ATGM_Proj,Explosion_Suppression_90mm_Frag_NoPassby,False,706,14,,1800.0,900,1,1,4.166999816894531,1.0,0.0,2.0,,,4.25,1500.0,3000.0,5.0,153.0,200.0,800.0,,1800.0,1
RK-2M-K Tandem High Explosive Anti Tank,Emplacement,RK-2M-K Tandem High Explosive Anti Tank,ATGM,atgm,Emplaced_Stugna-P/BP_EmplacedStugna,BP_StugnaP_Proj,Explosion_Suppression_90mm_Frag_NoPassby,False,706,7,,1800.0,1200,1,1,8.666999816894531,1.0,0.0,2.0,,,4.25,1500.0,3000.0,5.0,153.0,200.0,800.0,,1800.0,1
ZBL08,IFV,HJ-73C Red Arrow Guided Missile,ATGM,atgm,ZBL08/Weapons/BP_ZBL08_HJ73C_ATGM,BP_HJ73_Proj2,Explosion_Suppression_90mm_Frag_NoPassby,False,,,,1800.0,500,2,1,12.0,1.0,0.0,2.0,,,4.25,1500.0,3000.0,5.0,153.0,200.0,800.0,,1800.0,2
BTR4,IFV,RK-2M-K Skif High Explosive Anti-Tank,ATGM,atgm,BTR4/Weapons/BP_BTR4_StugnaP,BP_Kornet_Proj2,Explosion_Suppression_90mm_Frag_NoPassby,False,30,30,,1200.0,500,2,2,12.0,1.0,0.0,2.0,,,4.25,1500.0,3000.0,5.0,153.0,200.0,800.0,,1800.0,1
BMP-2,IFVTracked,9M113 Konkurs Guided Missile,ATGM,atgm,BMP-2/Weapons/BP_BMP2_GFI_Konkurs,BP_Konkurs_Proj2,Explosion_Suppression_90mm_Frag_NoPassby,False,,5,,1200.0,500,1,4,12.0,1.0,0.0,2.0,,,4.25,1500.0,3000.0,5.0,153.0,200.0,800.0,,1800.0,4
BMD-4M,IFVTracked,9M117M1 Bastion Guided Missile,ATGM,atgm,BMD-4M/Weapons/BP_BMD4M_APS03-100ATGM,BP_Refleks_Proj2,Explosion_Suppression_90mm_Frag_NoPassby,False,706,12,300,3000.0,500,1,3,5.0,1.600000023841858,0.0,2.0,,,4.25,1500.0,3000.0,5.0,153.0,200.0,800.0,,3000.0,2
BMP-2M,IFVTracked,9M133 Kornet High Explosive Anti-Tank,ATGM,atgm,BMP-2M/Weapons/Desert/BP_BMP2M_Kornet_Desert,BP_Kornet_Proj2,Explosion_Suppression_90mm_Frag_NoPassby,False,30,30,,1200.0,500,4,1,12.0,1.0,0.0,2.0,,,4.25,1500.0,3000.0,5.0,153.0,200.0,800.0,,1800.0,2
BMP-1,IFVTracked,9M14P Malyutka-P High Explosive Anti-Tank,ATGM,atgm,BMP-1/Weapons/BP_BMP1_AT3,BP_AT3_Proj2,Explosion_Suppression_90mm_Frag_NoPassby,False,,5,,1800.0,500,1,4,12.0,1.0,0.0,2.0,,,4.25,1500.0,3000.0,5.0,153.0,200.0,800.0,,1800.0,1
ZBD04A,IFVTracked,APS03-100 Anti-Tank Guided Missile,ATGM,atgm,ZBD04A/Weapons/BP_ZBD04A_APS03-100ATGM,BP_Refleks_Proj2,Explosion_Suppression_90mm_Frag_NoPassby,False,706,12,300,3000.0,500,1,3,5.0,1.600000023841858,0.0,2.0,,,4.25,1500.0,3000.0,5.0,153.0,200.0,800.0,,3000.0,1
BFV,IFVTracked,BGM-71 TOW High Explosive Anti-Tank,ATGM,atgm,BFV/Weapons/BP_BFV_vehicleTOW,BP_TOW_Proj,Explosion_Suppression_90mm_Frag_NoPassby,False,13,13,,1800.0,900,2,1,5.0,1.0,0.0,2.0,,,4.25,1500.0,3000.0,5.0,153.0,200.0,800.0,,1800.0,2
ZBD05,IFVTracked,HJ-73C Red Arrow Guided Missile,ATGM,atgm,ZBD05/Weapons/BP_ZBD05_HJ73C_ATGM,BP_HJ73_Proj2,Explosion_Suppression_90mm_Frag_NoPassby,False,,,,1800.0,500,2,1,12.0,1.0,0.0,2.0,,,4.25,1500.0,3000.0,5.0,153.0,200.0,800.0,,1800.0,2
BMP1TS_AFU,IFVTracked,RK-2M-K Skif High Explosive Anti-Tank,ATGM,atgm,BMP1TS_AFU/Weapons/BP_BMP1TS_StugnaP,BP_Kornet_Proj2,Explosion_Suppression_90mm_Frag_NoPassby,False,30,30,,1200.0,500,2,2,12.0,1.0,0.0,2.0,,,4.25,1500.0,3000.0,5.0,153.0,200.0,800.0,,1800.0,1
BRDM-2,Jeep,9M113 Konkurs Guided Missile,ATGM,atgm,BRDM-2/Attachments/BP_Spandrel_9M113_Konkurs,BP_Konkurs_Proj2,Explosion_Suppression_90mm_Frag_NoPassby,False,8,8,,1600.0,500,5,1,6.539999961853027,1.0,0.0,2.0,,,4.25,1500.0,3000.0,5.0,153.0,200.0,800.0,,1800.0,8
Safir,Jeep,9M133 Kornet High Explosive Anti-Tank,ATGM,atgm,Safir/Weapons/BP_Kornet_Safir_Weapon,BP_Kornet_Proj2,Explosion_Suppression_90mm_Frag_NoPassby,False,706,7,,1800.0,900,1,6,8.666999816894531,1.0,0.0,2.0,,,4.25,1500.0,3000.0,5.0,153.0,200.0,800.0,,1800.0,1
MATV,Jeep,BGM-71 TOW High Explosive Anti-Tank,ATGM,atgm,MATV/Turrets/BP_BGM71TOW_MATV,BP_TOW_Proj,Explosion_Suppression_90mm_Frag_NoPassby,False,706,5,,1800.0,900,1,6,12.5,1.0,0.0,2.0,,,4.25,1500.0,3000.0,5.0,153.0,200.0,800.0,,1800.0,1
CSK131,Jeep,HJ8L High Explosive Anti-Tank,ATGM,atgm,CSK131/Weapons/BP_HJ8ATGM_CSK131,BP_HJ-8ATGM_Proj,Explosion_Suppression_90mm_Frag_NoPassby,False,12,9,,1800.0,900,1,6,6.400000095367432,1.0,0.0,2.0,,,4.25,1500.0,3000.0,5.0,153.0,200.0,800.0,,1800.0,1
Sprut-SDM1,Tank,9M119M Refleks Guided Missile,ATGM,atgm,Sprut-SDM1/Weapons/BP_9M119MRefleks_ATGM_Sprut,BP_Refleks_Proj2,Explosion_Suppression_90mm_Frag_NoPassby,False,706,8,300,3000.0,500,1,2,8.0,1.0,0.0,2.0,,,4.25,1500.0,3000.0,5.0,153.0,200.0,800.0,,3000.0,4
ZTZ99,Tank,APS201-125 Anti Tank Guided Missile,ATGM,atgm,ZTZ99/Weapons/BP_APS201-125_ATGM,BP_Refleks_Proj2,Explosion_Suppression_90mm_Frag_NoPassby,False,706,8,300,3000.0,500,1,4,8.0,1.0,0.0,2.0,,,4.25,1500.0,3000.0,5.0,153.0,200.0,800.0,,3000.0,1
M60T,Tank,LAHAT Guided Missile,ATGM,atgm,M60T/Weapons/BP_MG253_LAHAT_ATGM,BP_Refleks_Proj2,Explosion_Suppression_90mm_Frag_NoPassby,False,706,8,300,3000.0,500,1,2,8.0,1.0,0.0,2.0,,,4.25,1500.0,3000.0,5.0,153.0,200.0,800.0,,3000.0,2
Emplaced_ZU23-2_Antiaircannon,Emplacement,ZU-23 OFZT Fragmentation Tracer,Autocannon,achE,Emplaced_ZU23-2_Antiaircannon/BP_Emplaced_ZU23-2_Antiaircannon_Weapon,BP_Projectile_23mm_HE,Explosion_Suppression_20mm_Frag,False,1000,1000,980,190.0,30,100,10,12.0,6.0,,2.0,,,1.5,350.0,,4.0,80.0,50.0,400.0,,190.0,6
Z8J,Helicopter,Type-23 Fragmentation Tracer,Autocannon,achE,Z8J/Weapons/BP_Type23_Z8J,BP_Projectile_23mm_HE,Explosion_Suppression_20mm_Frag,False,1000,1000,980,190.0,30,600,1,12.0,6.0,,2.0,,,1.5,350.0,,4.0,80.0,50.0,400.0,,190.0,1
BTR4,IFV,3UBR8 30mm Armor Piercing Discarding Sabot,Autocannon,acap,BTR4/Weapons/BP_BTR4_ZTM1_AP,BP_Projectile_30mm_AP,Projectile_Suppression_20mm_AP,False,333,333,1004,,62,150,1,10.5,6.0,0.699999988079071,2.0,5.0,,,,,,,,,,,1
BTR4,IFV,3UOR6 30mm Fragmentation Tracer,Autocannon,achE,BTR4/Weapons/BP_BTR4_ZTM1_HE,BP_Projectile_30mm_HE,Explosion_Suppression_20mm_Frag,False,333,333,,100.0,9,150,1,10.5,,,2.0,,,1.5,350.0,,4.0,125.0,100.0,750.0,,100.0,1
ZBL08,IFV,DTB02-30 30mm High Explosive Fragmentation,Autocannon,achE,ZBL08/Weapons/BP_ZBL08_ZPT-99_HEFrag,BP_Projectile_30mm_HE,Explosion_Suppression_20mm_Frag,False,333,333,950,100.0,9,300,1,10.5,,,2.0,,,1.5,350.0,,4.0,125.0,100.0,750.0,,100.0,2
ZBL08,IFV,DTC041A-30 30mm Armor-Piercing Sabot,Autocannon,acap,ZBL08/Weapons/BP_ZBL08_ZPT-99_APFSDS,BP_Projectile_30mm_AP,Projectile_Suppression_20mm_AP,False,333,333,1360,,105,160,1,10.5,2.5,0.699999988079071,2.0,5.0,,,,,,,,,,,2
ZBL08,IFV,DTC10-30 30mm Armor Piercing,Autocannon,acap,ZBL08/Weapons/BP_ZBL08_ZPT-99_AP,BP_Projectile_30mm_AP,Projectile_Suppression_20mm_AP,False,333,333,950,,62,160,1,10.5,3.5,0.699999988079071,2.0,5.0,,,,,,,,,,,1
ZSD89,IFVTracked,25mm Armor Piercing Discarding Sabot,Autocannon,acap,ZSD89/Turrets/ZSL92/Weapons/BP_ZSL92_ZPT90_AP,BP_Projectile_30mm_AP,Projectile_Suppression_20mm_AP,False,200,200,1050,,100,80,1,12.5,6.0,0.699999988079071,2.0,5.0,,,,,,,,,,,3
ZSD89,IFVTracked,25mm Fragmentation Tracer,Autocannon,achE,ZSD89/Turrets/ZSL92/Weapons/BP_ZSL92_ZPT90_HE,BP_Projectile_30mm_HE,Explosion_Suppression_20mm_Frag,False,200,200,1050,120.0,8,120,1,12.5,6.0,,2.0,,,1.5,350.0,,4.0,125.0,100.0,750.0,,100.0,3
BMP-2,IFVTracked,3UBR6 30mm Armor Piercing,Autocannon,acap,BMP-2/Weapons/BP_BMP2_GFI_2A42_AP,BP_Projectile_30mm_AP,Projectile_Suppression_20mm_AP,False,550,550,1004,,62,160,1,10.5,3.0,0.699999988079071,2.0,5.0,,,,,,,,,,,1
BMD-4M,IFVTracked,3UBR8 30mm Armor Piercing Discarding Sabot,Autocannon,acap,BMD-4M/Weapons/BP_BMD4M_2A72_AP,BP_Projectile_30mm_AP,Projectile_Suppression_20mm_AP,False,333,333,1004,,62,150,1,10.5,6.0,0.699999988079071,2.0,5.0,,,,,,,,,,,3
BMP-2,IFVTracked,3UBR8 30mm Armor Piercing Discarding Sabot,Autocannon,acap,BMP-2/Weapons/BP_BMP2_2A42_AP,BP_Projectile_30mm_AP,Projectile_Suppression_20mm_AP,False,550,550,1004,,62,160,1,10.5,3.0,0.699999988079071,2.0,5.0,,,,,,,,,,,5
BMD-4M,IFVTracked,3UOR6 30mm Fragmentation Tracer,Autocannon,achE,BMD-4M/Weapons/BP_BMD4M_2A72_HE,BP_Projectile_30mm_HE,Explosion_Suppression_20mm_Frag,False,333,333,1004,100.0,9,150,1,10.5,4.0,,2.0,,,1.5,350.0,,4.0,125.0,100.0,750.0,,100.0,3
BMP-2,IFVTracked,3UOR6 30mm Fragmentation Tracer,Autocannon,achE,BMP-2/Weapons/BP_BMP2_2A42_HE,BP_Projectile_30mm_HE,Explosion_Suppression_20mm_Frag,False,550,550,900,100.0,9,340,1,10.5,3.0,,2.0,,,1.5,350.0,,4.0,125.0,100.0,750.0,,100.0,6
ZBD05,IFVTracked,DTB02-30 30mm High Explosive Fragmentation,Autocannon,achE,ZBD05/Weapons/BP_ZBD05_ZPT-99_HE,BP_Projectile_30mm_HE,Explosion_Suppression_20mm_Frag,False,333,333,950,100.0,9,300,1,10.5,,,2.0,,,1.5,350.0,,4.0,125.0,100.0,750.0,,100.0,2
ZBD04A,IFVTracked,DTB02-30 30mm High-Explosive Fragmentation,Autocannon,achE,ZBD04A/Weapons/BP_ZBD04A_ZPT99_HEFrag,BP_Projectile_30mm_HE,Explosion_Suppression_20mm_Frag,False,333,333,970,100.0,9,300,1,10.5,1.690000057220459,,2.0,,,1.5,350.0,,4.0,125.0,100.0,750.0,,100.0,1
ZBD05,IFVTracked,DTC041A-30 30mm Armor-Piercing Sabot,Autocannon,acap,ZBD05/Weapons/BP_ZBD05_ZPT-99_APFSDS,BP_Projectile_30mm_AP,Projectile_Suppression_20mm_AP,False,333,333,1360,,105,160,1,10.5,2.5,0.699999988079071,2.0,5.0,,,,,,,,,,,2
ZBD04A,IFVTracked,DTC10-30 30mm Armor Piercing,Autocannon,acap,ZBD04A/Weapons/BP_ZBD04A_ZPT99_AP,BP_Projectile_30mm_AP,Projectile_Suppression_20mm_AP,False,333,333,970,,62,200,1,10.5,1.350000023841858,0.699999988079071,2.0,5.0,,,,,,,,,,,3
FV107,IFVTracked,NM225 30mm Armor-Piercing Sabot,Autocannon,acap,FV107/Weapons/BP_Scimitar_Rarden_AP,BP_Projectile_30mm_AP,Projectile_Suppression_20mm_AP,False,90,90,1300,90.0,100,6,14,1.2000000476837158,1.5,0.699999988079071,2.0,5.0,,,,,,,,,,,4
FV107,IFVTracked,NM232 30mm High Explosive Tracer,Autocannon,achE,FV107/Weapons/BP_Scimitar_Rarden_HE,BP_Projectile_30mm_HE_Red_Rarden,Explosion_Suppression_50mm_Frag,False,90,90,1100,200.0,9,6,14,1.2000000476837158,1.5,0.800000011920929,2.0,,,4.5,600.0,1875.0,4.5,125.0,100.0,750.0,,100.0,4
FV510_40mm,IFVTracked,Telescoped 40mm Armor-Piercing Sabot,Autocannon,acap,FV510_40mm/Weapons/BP_Warrior_CTAS_AP,BP_Projectile_30mm_AP,Projectile_Suppression_20mm_AP,False,400,400,1500,120.0,100,80,1,1.2000000476837158,1.5,0.699999988079071,2.0,5.0,,,,,,,,,,,2
FV510_40mm,IFVTracked,Telescoped 40mm General-Purpose Tracer,Autocannon,achE,FV510_40mm/Weapons/BP_Warrior_CTAS_HE,BP_Projectile_40mm_GPR,Explosion_Suppression_50mm_Frag,False,400,400,1200,300.0,9,80,1,1.2000000476837158,1.5,0.800000011920929,2.0,,,4.5,600.0,1875.0,4.5,175.0,100.0,1250.0,75.0,100.0,2
LAV_RWS,APC,C6 CROWS,Coax / MG (7.62),coax,LAV_RWS/Weapons/BP_CROWS_C6_LAV,BP_Projectile_7_62mm,Projectile_Suppression_GPMG,False,706,706,853,,7,750,1,30.0,3.0,0.3499999940395355,1.75,,FC_SuppressionPower_MMG,,,,,,,,,,2
LAV_RWS,APC,C6A1 FLEX,Coax / MG (7.62),coax,LAV_RWS/Weapons/BP_C6_LAV_Manned_Turret,BP_Projectile_7_62mm,Projectile_Suppression_GPMG,False,706,706,853,,7,250,10,10.0,3.0,0.3499999940395355,1.75,,FC_SuppressionPower_MMG,,,,,,,,,,1
M1126,APC,M240B CROWS,Coax / MG (7.62),coax,M1126/BP_CROWS_M240_Stryker,BP_Projectile_7_62mm,Projectile_Suppression_GPMG,False,706,706,853,,7,750,1,30.0,3.0,0.3499999940395355,1.75,,FC_SuppressionPower_MMG,,,,,,,,,,2
BTR80,APC,PKT Coaxial Machine Gun,Coax / MG (7.62),coax,BTR80/Attachments/BP_BTR80_INS_PKT,BP_Projectile_7_62mm,Projectile_Suppression_GPMG,False,701,701,855,,7,250,5,10.5,8.0,0.3499999940395355,1.75,,FC_SuppressionPower_MMG,,,,,,,,,,4
TLAV,APCTracked,C6 Coaxial Machine Gun,Coax / MG (7.62),coax,TLAV/Weapons/BP_TLAV_M240,BP_Projectile_7_62mm,Projectile_Suppression_GPMG,False,706,706,853,,7,220,5,10.5,3.0,0.3499999940395355,1.75,,FC_SuppressionPower_MMG,,,,,,,,,,2
BTR-D,APCTracked,PKM,Coax / MG (7.62),coax,BTR-D/Weapons/PKM_OpenTop/BP_PKM_BTR-D,BP_Projectile_7_62mm,Projectile_Suppression_GPMG,False,706,706,860,,28,100,10,7.400000095367432,1.5,0.3499999940395355,1.75,,FC_SuppressionPower_MMG,,,,,,,,,,1
BTR-MDM,APCTracked,PKT 7.62 RWS Machine Gun,Coax / MG (7.62),coax,BTR-MDM/Weapons/BP_PK_RWS_Gun,BP_Projectile_7_62mm,Projectile_Suppression_GPMG,False,701,701,855,,7,750,1,30.0,8.0,0.3499999940395355,1.75,,FC_SuppressionPower_MMG,,,,,,,,,,1
BTR-MDM,APCTracked,PKT Machine Gun,Coax / MG (7.62),coax,BTR-MDM/Weapons/BP_BTRMDM_Bow_PKT,BP_Projectile_7_62mm,Projectile_Suppression_GPMG,False,706,706,855,,7,250,8,10.5,8.0,0.3499999940395355,1.75,,FC_SuppressionPower_MMG,,,,,,,,,,1
RHIB,Boat,M240B,Coax / MG (7.62),coax,RHIB/Weapons/BP_M240_RHIB_Weapon,BP_Projectile_7_62mm,Projectile_Suppression_GPMG,False,706,706,853,,7,250,10,10.0,3.0,0.3499999940395355,1.75,,FC_SuppressionPower_MMG,,,,,,,,,,1
RHIB,Boat,MG3,Coax / MG (7.62),coax,RHIB/Weapons/BP_MG3_RHIB_Weapon,BP_Projectile_7_62mm,Projectile_Suppression_GPMG,False,1101,1101,820,,7,120,6,7.5,5.0,0.3499999940395355,1.75,,FC_SuppressionPower_MMG,,,,,,,,,,1
RHIB,Boat,PKM,Coax / MG (7.62),coax,RHIB/Weapons/BP_PKM_RHIB_Weapon,BP_Projectile_7_62mm,Projectile_Suppression_GPMG,False,652,652,825,85.0,7,100,8,9.75,5.0,0.3499999940395355,1.75,,FC_SuppressionPower_MMG,,,,,,,,,,1
RHIB,Boat,PKP,Coax / MG (7.62),coax,RHIB/Weapons/BP_PKP_RHIB_Weapon,BP_Projectile_7_62mm,Projectile_Suppression_GPMG,False,652,652,825,,7,100,8,9.75,4.0,0.3499999940395355,1.75,,FC_SuppressionPower_MMG,,,,,,,,,,1
RHIB,Boat,QJY88,Coax / MG (7.62),coax,RHIB/Weapons/BP_QJY88_RHIB_Weapon,BP_Projectile_7_62mm,Projectile_Suppression_GPMG,False,652,652,853,,7,200,5,9.5,3.0,0.3499999940395355,1.75,,FC_SuppressionPower_MMG,,,,,,,,,,1
M2A1 Browning,Emplacement,M240B,Coax / MG (7.62),coax,M1151_WPMC/BP_M240_Loaders_Weapon_WPMC,BP_Projectile_7_62mm,Projectile_Suppression_GPMG,False,706,706,853,,7,250,10,10.0,3.0,0.3499999940395355,1.75,,FC_SuppressionPower_MMG,,,,,,,,,,2
Emplaced_Mag58,Emplacement,Mag58,Coax / MG (7.62),coax,Emplaced_Mag58/BP_EmplacedMag58_Weapon,BP_Projectile_7_62mm,Projectile_Suppression_GPMG,False,706,706,853,,7,200,1,8.666999816894531,3.0,0.3499999940395355,1.75,,FC_SuppressionPower_MMG,,,,,,,,,,1
CH146,Helicopter,C6A1,Coax / MG (7.62),coax,CH146/Weapons/BP_C6A1_DoorGun,BP_Projectile_7_62mm,Projectile_Suppression_GPMG,False,706,706,853,,7,200,5,8.666999816894531,140.0,0.3499999940395355,1.75,,FC_SuppressionPower_MMG,,,,,,,,,,2
CH146_Raven_WPMC,Helicopter,M240H,Coax / MG (7.62),coax,CH146_Raven_WPMC/Weapons/BP_M240H_WPMC_DoorGun,BP_Projectile_7_62mm,Projectile_Suppression_GPMG,False,706,706,853,,7,200,5,8.666999816894531,140.0,0.3499999940395355,1.75,,FC_SuppressionPower_MMG,,,,,,,,,,4
MI17,Helicopter,MG3,Coax / MG (7.62),coax,MI17/Weapons/BP_MG3_DoorGun,BP_Projectile_7_62mm,Projectile_Suppression_GPMG,False,1101,1101,820,,7,120,6,7.5,155.0,0.3499999940395355,1.75,,FC_SuppressionPower_MMG,,,,,,,,,,2
UH60M,Helicopter,PKM,Coax / MG (7.62),coax,UH60M/Weapons/BP_PKM_DoorGun,BP_Projectile_7_62mm,Projectile_Suppression_GPMG,False,652,652,825,,7,100,8,9.75,140.0,0.3499999940395355,1.75,,FC_SuppressionPower_MMG,,,,,,,,,,1
MI8,Helicopter,PKP,Coax / MG (7.62),coax,MI8/Weapons/BP_PKP_DoorGun,BP_Projectile_7_62mm,Projectile_Suppression_GPMG,False,652,652,825,,7,100,8,9.75,140.0,0.3499999940395355,1.75,,FC_SuppressionPower_MMG,,,,,,,,,,1
Coyote,IFV,C6 Coaxial Machine Gun,Coax / MG (7.62),coax,Coyote/Weapons/BP_Coyote_762_Desert,BP_Projectile_7_62mm,Projectile_Suppression_GPMG,False,857,857,853,,7,440,2,10.5,5.0,0.3499999940395355,1.75,,FC_SuppressionPower_MMG,,,,,,,,,,2
BTR4,IFV,KT-7.62 Coaxial Machine Gun,Coax / MG (7.62),coax,BTR4/Weapons/BP_BTR4_KT762,BP_Projectile_7_62mm,Projectile_Suppression_GPMG,False,701,701,855,,7,350,6,10.5,8.0,0.3499999940395355,1.75,,FC_SuppressionPower_MMG,,,,,,,,,,1
ASLAV,IFV,M240B,Coax / MG (7.62),coax,ASLAV/Weapons/BP_ASLAV_Mag58_Cmdr_Weapon,BP_Projectile_7_62mm,Projectile_Suppression_GPMG,False,706,706,853,,7,250,10,10.0,3.0,0.3499999940395355,1.75,,FC_SuppressionPower_MMG,,,,,,,,,,1
LAV25,IFV,M240G,Coax / MG (7.62),coax,LAV25/Weapons/M240G_MGO_Commander/BP_M240G_MGO_Turret_Weapon_Desert,BP_Projectile_7_62mm,Projectile_Suppression_GPMG,False,706,706,853,,7,250,10,10.0,3.0,0.3499999940395355,1.75,,FC_SuppressionPower_MMG,,,,,,,,,,2
ZBL08,IFV,QTJ-02 Coaxial Machine Gun,Coax / MG (7.62),coax,ZBL08/Weapons/BP_ZBL08_QTJ02,BP_Projectile_7_62mm,Projectile_Suppression_GPMG,False,701,701,855,,7,3000,1,10.5,8.0,0.3499999940395355,1.75,,FC_SuppressionPower_MMG,,,,,,,,,,2
BMP1TS_AFU,IFVTracked,KT-7.62 Coaxial Machine Gun,Coax / MG (7.62),coax,BMP1TS_AFU/Weapons/BP_BMP1TS_KT762,BP_Projectile_7_62mm,Projectile_Suppression_GPMG,False,701,701,855,,7,350,6,10.5,8.0,0.3499999940395355,1.75,,FC_SuppressionPower_MMG,,,,,,,,,,1
FV107,IFVTracked,L94A1 EX-34 Coaxial Machine Gun,Coax / MG (7.62),coax,FV107/Weapons/BP_Scimitar_762,BP_Projectile_7_62mm,Projectile_Suppression_GPMG,False,500,500,853,,7,200,15,10.5,5.0,0.3499999940395355,1.75,,FC_SuppressionPower_MMG,,,,,,,,,,6
ACV-15,IFVTracked,M240C Coaxial Machine Gun,Coax / MG (7.62),coax,ACV-15/Weapons/BP_ACV_762,BP_Projectile_7_62mm,Projectile_Suppression_GPMG,False,857,857,853,,7,800,2,10.5,5.0,0.3499999940395355,1.75,,FC_SuppressionPower_MMG,,,,,,,,,,4
ACV-15,IFVTracked,MG3,Coax / MG (7.62),coax,ACV-15/Weapons/BP_ACV15_OpenTurret_MG3_Weapon,BP_Projectile_7_62mm,Projectile_Suppression_GPMG,False,1101,1101,820,,7,120,6,7.5,5.0,0.3499999940395355,1.75,,FC_SuppressionPower_MMG,,,,,,,,,,1
BMD-4M,IFVTracked,PKT Coaxial Machine Gun,Coax / MG (7.62),coax,BMD-4M/Weapons/BP_BMD4M_2A70_coax,BP_Projectile_7_62mm,Projectile_Suppression_GPMG,False,800,800,895,,7,3000,1,10.5,8.0,0.3499999940395355,1.75,,FC_SuppressionPower_MMG,,,,,,,,,,2
BMP-1,IFVTracked,PKT Coaxial Machine Gun,Coax / MG (7.62),coax,BMP-1/Weapons/BP_BMP1_PKT,BP_Projectile_7_62mm,Projectile_Suppression_GPMG,False,706,706,855,,7,250,8,10.5,8.0,0.3499999940395355,1.75,,FC_SuppressionPower_MMG,,,,,,,,,,1
BMP-2,IFVTracked,PKT Coaxial Machine Gun,Coax / MG (7.62),coax,BMP-2/Weapons/BP_BMP2_GFI_PKT,BP_Projectile_7_62mm,Projectile_Suppression_GPMG,False,701,701,855,,7,2000,1,10.5,8.0,0.3499999940395355,1.75,,FC_SuppressionPower_MMG,,,,,,,,,,6
BMD-1M,IFVTracked,PKT Machine Gun,Coax / MG (7.62),coax,BMD-1M/Weapons/BP_BMD1M_Bow_PKT,BP_Projectile_7_62mm,Projectile_Suppression_GPMG,False,706,706,855,,7,250,8,10.5,8.0,0.3499999940395355,1.75,,FC_SuppressionPower_MMG,,,,,,,,,,2
BMP-3M,IFVTracked,PKTM Machine Gun,Coax / MG (7.62),coax,BMP-3M/Weapons/BP_BMP3M_BowGun_PKT,BP_Projectile_7_62mm,Projectile_Suppression_GPMG,False,701,701,855,,7,2000,1,10.5,8.0,0.3499999940395355,1.75,,FC_SuppressionPower_MMG,,,,,,,,,,1
ZBD04A,IFVTracked,QTJ-02 Coaxial Machine Gun,Coax / MG (7.62),coax,ZBD04A/Weapons/BP_ZBD04A_2A70_coax,BP_Projectile_7_62mm,Projectile_Suppression_GPMG,False,800,800,895,,7,3000,1,10.5,8.0,0.3499999940395355,1.75,,FC_SuppressionPower_MMG,,,,,,,,,,1
ZBD05,IFVTracked,QTJ-02 Coaxial Machine Gun,Coax / MG (7.62),coax,ZBD05/Weapons/BP_ZBD05_QTJ02,BP_Projectile_7_62mm,Projectile_Suppression_GPMG,False,701,701,855,,7,3000,1,10.5,8.0,0.3499999940395355,1.75,,FC_SuppressionPower_MMG,,,,,,,,,,2
ZTD05,IFVTracked,QTJ-02 Coaxial Machine Gun,Coax / MG (7.62),coax,ZTD05/Weapons/BP_ZTD05_coax,BP_Projectile_7_62mm,Projectile_Suppression_GPMG,False,706,706,745,,7,2500,1,10.5,8.0,0.3499999940395355,1.75,,FC_SuppressionPower_MMG,,,,,,,,,,1
ZSD89,IFVTracked,Type 86 Coaxial Machine Gun,Coax / MG (7.62),coax,ZSD89/Turrets/ZSL92/Weapons/BP_ZSL92_Type86,BP_Projectile_7_62mm,Projectile_Suppression_GPMG,False,701,701,855,,7,250,4,10.5,8.0,0.3499999940395355,1.75,,FC_SuppressionPower_MMG,,,,,,,,,,3
TAPV,Jeep,C6A1 CROWS,Coax / MG (7.62),coax,TAPV/Weapons/BP_TAPV_CROWS_C6,BP_Projectile_7_62mm,Projectile_Suppression_GPMG,False,857,857,853,,7,750,1,30.0,3.0,0.3499999940395355,1.75,,FC_SuppressionPower_MMG,,,,,,,,,,2
LPPV,Jeep,L7A2,Coax / MG (7.62),coax,LPPV/Weapons/BP_GPMG,BP_Projectile_7_62mm,Projectile_Suppression_GPMG,False,706,706,853,,7,250,10,10.0,3.0,0.3499999940395355,1.75,,FC_SuppressionPower_MMG,,,,,,,,,,2
MATV,Jeep,M240B CROWS,Coax / MG (7.62),coax,MATV/Turrets/BP_CROWS_M240,BP_Projectile_7_62mm,Projectile_Suppression_GPMG,False,706,706,853,,7,750,1,30.0,3.0,0.3499999940395355,1.75,,FC_SuppressionPower_MMG,,,,,,,,,,2
Cobra_II,Jeep,MG3,Coax / MG (7.62),coax,Cobra_II/Weapons/Cobra_II_OpenTop/BP_Cobra_II_OpenTurret_MG3_Weapon,BP_Projectile_7_62mm,Projectile_Suppression_GPMG,False,1101,1101,820,,7,120,6,7.5,5.0,0.3499999940395355,1.75,,FC_SuppressionPower_MMG,,,,,,,,,,2
PMV,Jeep,Mag58,Coax / MG (7.62),coax,PMV/Turrets/BP_PMV_Mag58_Weapon,BP_Projectile_7_62mm,Projectile_Suppression_GPMG,False,706,706,853,,7,250,10,10.0,3.0,0.3499999940395355,1.75,,FC_SuppressionPower_MMG,,,,,,,,,,1
BRDM-2,Jeep,PKT Coaxial Machine Gun,Coax / MG (7.62),coax,BRDM-2/Attachments/BP_BRDM2_PKT_Insurgents,BP_Projectile_7_62mm,Projectile_Suppression_GPMG,False,701,701,855,,7,250,5,10.5,10.0,0.3499999940395355,1.75,,FC_SuppressionPower_MMG,,,,,,,,,,10
CSK131,Jeep,QJY88,Coax / MG (7.62),coax,CSK131/Weapons/BP_QJY88_CSK131_Weapon,BP_Projectile_7_62mm,Projectile_Suppression_GPMG,False,652,652,853,,7,200,5,9.5,3.0,0.3499999940395355,1.75,,FC_SuppressionPower_MMG,,,,,,,,,,1
Cobra_II,Jeep,RWS MG3,Coax / MG (7.62),coax,Cobra_II/Weapons/Cobra_II_RWS/BP_CobraRWS_MG3,BP_Projectile_7_62mm,Projectile_Suppression_GPMG,False,1101,1101,820,,7,750,1,7.5,5.0,0.3499999940395355,1.75,,FC_SuppressionPower_MMG,,,,,,,,,,2
LUVW,JeepTransport,C6A1 FLEX,Coax / MG (7.62),coax,LUVW/Weapons/BP_C6_LUVW,BP_Projectile_7_62mm,Projectile_Suppression_GPMG,False,706,706,853,,7,220,10,10.0,3.0,0.3499999940395355,1.75,,FC_SuppressionPower_MMG,,,,,,,,,,2
Shared_Vehicle_Weapons,,Generic Coaxial Machine Gun,Coax / MG (7.62),coax,Shared_Vehicle_Weapons/BP_CoaxialMachinegun,BP_Projectile_7_62mm,Projectile_Suppression_GPMG,False,701,701,855,,7,250,5,10.5,8.0,0.3499999940395355,1.75,,FC_SuppressionPower_MMG,,,,,,,,,,1
EnforcerRWS,,L37A2 RWS,Coax / MG (7.62),coax,EnforcerRWS/BP_EnforcerRWS_L37A2,BP_Projectile_7_62mm,Projectile_Suppression_GPMG,False,706,706,853,,7,750,1,30.0,3.0,0.3499999940395355,1.75,,FC_SuppressionPower_MMG,,,,,,,,,,4
Technical2Seater,,PKT Coaxial Machine Gun,Coax / MG (7.62),coax,Technical2Seater/Weapons/BP_Technical_BMP1_PKT,BP_Projectile_7_62mm,Projectile_Suppression_GPMG,False,706,706,855,,7,250,4,10.5,8.0,0.3499999940395355,1.75,,FC_SuppressionPower_MMG,,,,,,,,,,1
Leopard2,Tank,C6A1 FLEX,Coax / MG (7.62),coax,Leopard2/Weapons/BP_2A6_C6_Loaders_Weapon,BP_Projectile_7_62mm,Projectile_Suppression_GPMG,False,706,706,853,,7,500,1,10.0,3.0,0.3499999940395355,1.75,,FC_SuppressionPower_MMG,,,,,,,,,,2
FV4034,Tank,L94A1 Coaxial Machine Gun,Coax / MG (7.62),coax,FV4034/Weapons/BP_L94A1_coax,BP_Projectile_7_62mm,Projectile_Suppression_GPMG,False,500,500,853,,7,2000,1,10.5,5.0,0.3499999940395355,1.75,,FC_SuppressionPower_MMG,,,,,,,,,,1
Leopard2,Tank,M240 Coaxial Machine Gun,Coax / MG (7.62),coax,Leopard2/Weapons/BP_L55_coax,BP_Projectile_7_62mm,Projectile_Suppression_GPMG,False,857,857,853,,7,2000,1,10.5,5.0,0.3499999940395355,1.75,,FC_SuppressionPower_MMG,,,,,,,,,,5
M1A2,Tank,M240B,Coax / MG (7.62),coax,M1A2/Weapons/BP_M240_Loaders_Weapon,BP_Projectile_7_62mm,Projectile_Suppression_GPMG,False,706,706,853,,7,250,10,10.0,3.0,0.3499999940395355,1.75,,FC_SuppressionPower_MMG,,,,,,,,,,2
M1A1_USMC,Tank,M240G,Coax / MG (7.62),coax,M1A1_USMC/BP_M240G_Turret_Weapon,BP_Projectile_7_62mm,Projectile_Suppression_GPMG,False,706,706,853,,7,250,10,10.0,3.0,0.3499999940395355,1.75,,FC_SuppressionPower_MMG,,,,,,,,,,4
Leopard2,Tank,Mag58,Coax / MG (7.62),coax,Leopard2/Weapons/BP_2A6_Mag58_Loaders_Weapon,BP_Projectile_7_62mm,Projectile_Suppression_GPMG,False,706,706,853,,7,500,1,10.0,3.0,0.3499999940395355,1.75,,FC_SuppressionPower_MMG,,,,,,,,,,2
AUS_M1A1,Tank,Mag58 Coaxial Machine Gun,Coax / MG (7.62),coax,AUS_M1A1/Weapons/BP_M256A1_coax_ADF,BP_Projectile_7_62mm,Projectile_Suppression_GPMG,False,857,857,853,,7,2000,1,10.5,5.0,0.3499999940395355,1.75,,FC_SuppressionPower_MMG,,,,,,,,,,1
Sprut-SDM1,Tank,PKT Coaxial Machine Gun,Coax / MG (7.62),coax,Sprut-SDM1/Weapons/BP_2A45_coax,BP_Projectile_7_62mm,Projectile_Suppression_GPMG,False,706,706,855,,7,2000,1,10.5,8.0,0.3499999940395355,1.75,,FC_SuppressionPower_MMG,,,,,,,,,,7
Sprut-SDM1,Tank,PKT Remote Weapon Station,Coax / MG (7.62),coax,Sprut-SDM1/Weapons/BP_Sprut_RWS_PKT,BP_Projectile_7_62mm,Projectile_Suppression_GPMG,False,701,701,855,,7,1500,1,10.5,8.0,0.3499999940395355,1.75,,FC_SuppressionPower_MMG,,,,,,,,,,1
ZTZ99,Tank,QTJ-02 5.8mm Coaxial Machine Gun,Coax / MG (7.62),coax,ZTZ99/Weapons/BP_ZPT-98_coax,BP_Projectile_7_62mm,Projectile_Suppression_GPMG,False,706,706,855,,7,3000,1,10.5,8.0,0.3499999940395355,1.75,,FC_SuppressionPower_MMG,,,,,,,,,,1
CTM131_Truck,TruckTransport,QJY88,Coax / MG (7.62),coax,CTM131_Truck/Weapons/BP_QJY88_CTM131,BP_Projectile_7_62mm,Projectile_Suppression_GPMG,False,652,652,853,,7,200,5,9.5,3.0,0.3499999940395355,1.75,,FC_SuppressionPower_MMG,,,,,,,,,,1
AAVP7A1,APCTracked,MK19,Grenade launcher,gl,AAVP7A1/Weapons/BP_AAVP7A1_MK19,BP_40MM_MK19_Proj,Explosion_Suppression_GrenadeLauncher_NoPassby,False,351,351,230,370.0,20,32,6,12.5,50.0,0.0,0.0,,,4.0,400.0,2000.0,4.0,,100.0,,,60.0,2
RHIB,Boat,Mk19 Grenade Machine Gun,Grenade launcher,gl,RHIB/Weapons/BP_Mk19_RHIB_Weapon,BP_40MM_MK19_Proj,Explosion_Suppression_GrenadeLauncher_NoPassby,False,351,351,230,370.0,20,32,10,9.399999618530273,1.5,0.0,0.0,,,4.0,400.0,2000.0,4.0,,100.0,,,60.0,1
AGS-17 Plamya Automatic Grenade Launcher,Emplacement,AGS-17 Plamya Automatic Grenade Launcher,Grenade launcher,gl,Emplaced_AGS-17/BP_AGS-17_Weapon,BP_30mm_VOG19_Proj,Explosion_Suppression_GrenadeLauncher_NoPassby,False,400,400,185,,11,29,1,8.880000114440918,1.5,0.0,0.0,,,4.0,400.0,2000.0,4.0,,150.0,1800.0,,60.0,2
Emplaced_Mk19,Emplacement,C16 Grenade Machine Gun,Grenade launcher,gl,Emplaced_Mk19/BP_Weapon_C16,BP_40MM_MK19_Proj,Explosion_Suppression_GrenadeLauncher_NoPassby,False,351,351,235,370.0,28,32,1,9.399999618530273,1.5,0.0,0.0,,,4.0,400.0,2000.0,4.0,,100.0,,,60.0,1
Emplaced_Mk19,Emplacement,L134A1 Grenade Machine Gun,Grenade launcher,gl,Emplaced_Mk19/BP_Weapon_L134A1,BP_40MM_MK19_Proj,Explosion_Suppression_GrenadeLauncher_NoPassby,False,351,351,235,370.0,28,32,1,9.399999618530273,1.5,0.0,0.0,,,4.0,400.0,2000.0,4.0,,100.0,,,60.0,1
Emplaced_Mk19,Emplacement,Mk19 Grenade Machine Gun,Grenade launcher,gl,Emplaced_Mk19/BP_EmplacedMk19_Weapon,BP_40MM_MK19_Proj,Explosion_Suppression_GrenadeLauncher_NoPassby,False,351,351,235,370.0,28,32,1,9.399999618530273,1.5,0.0,0.0,,,4.0,400.0,2000.0,4.0,,100.0,,,60.0,2
Emplaced_Mk19,Emplacement,Mk19 Grenade Machine Gun,Grenade launcher,gl,Emplaced_Mk19/BP_Mk19_OpenTurret_Weapon,BP_40MM_MK19_Proj,Explosion_Suppression_GrenadeLauncher_NoPassby,False,351,351,230,370.0,20,32,10,9.399999618530273,1.5,0.0,0.0,,,4.0,400.0,2000.0,4.0,,100.0,,,60.0,1
Emplaced_QLZ87,Emplacement,QLZ-87 Automatic Grenade Launcher - HEDP,Grenade launcher,gl,Emplaced_QLZ87/BP_QLZ87_Weapon,BP_35MM_Proj_QLZ87_HEDP,Explosion_Suppression_GrenadeLauncher_NoPassby,False,480,480,190,370.0,80,15,1,5.349999904632568,1.5,0.0,0.0,,,4.0,400.0,2000.0,4.0,,100.0,1100.0,,60.0,1
BTR4,IFV,GPD-30 Fragmentation,Grenade launcher,gl,BTR4/Weapons/BP_BTR4_KBA117,BP_AGS30_40MM_VOG_Proj,Explosion_Suppression_GrenadeLauncher_NoPassby,False,400,400,190,,,29,4,10.5,15.0,0.0,0.0,,,4.0,400.0,2000.0,4.0,,100.0,,,10.0,1
WZ551,IFV,QLZ-87 Automatic Grenade Launcher - HEDP,Grenade launcher,gl,WZ551/Turrets/QLZ87/BP_QLZ87_Weapon_WZ551,BP_35MM_Proj_QLZ87_HEDP,Explosion_Suppression_GrenadeLauncher_NoPassby,False,480,480,190,370.0,80,15,15,5.570000171661377,1.5,0.0,0.0,,,4.0,400.0,2000.0,4.0,,100.0,1100.0,,60.0,2
BMP-2M,IFVTracked,GPD-30 Fragmentation,Grenade launcher,gl,BMP-2M/Weapons/Desert/BP_BMP2M_AGS30_Desert,BP_AGS30_40MM_VOG_Proj,Explosion_Suppression_GrenadeLauncher_NoPassby,False,400,400,190,,,120,1,10.5,15.0,0.0,0.0,,,4.0,400.0,2000.0,4.0,,100.0,,,10.0,3
Kozak_2M1_AFU,Jeep,AGS-17 Plamya,Grenade launcher,gl,Kozak_2M1_AFU/Turrets/BP_AGS-17_OpenTurret_Weapon,BP_30mm_VOG19_Proj,Explosion_Suppression_GrenadeLauncher_NoPassby,False,400,400,185,,11,29,10,8.880000114440918,1.5,0.0,0.0,,,4.0,400.0,2000.0,4.0,,150.0,1800.0,,60.0,4
M1117,Jeep,MK19,Grenade launcher,gl,M1117/Weapons/BP_M1117_MK19,BP_40MM_MK19_Proj,Explosion_Suppression_GrenadeLauncher_NoPassby,False,351,351,230,370.0,20,48,6,12.5,50.0,0.0,0.0,,,4.0,400.0,2000.0,4.0,,100.0,,,60.0,1
CSK131,Jeep,QLZ-87 Automatic Grenade Launcher - HEDP,Grenade launcher,gl,CSK131/Weapons/BP_QLZ87_OpenTurret_Weapon,BP_35MM_Proj_QLZ87_HEDP,Explosion_Suppression_GrenadeLauncher_NoPassby,False,480,480,190,370.0,80,15,15,5.570000171661377,1.5,0.0,0.0,,,4.0,400.0,2000.0,4.0,,100.0,1100.0,,60.0,2
BTR80,APC,KPVT BZT Armor-Piercing Incendiary,HMG (.50 / 14.5),hmg,BTR80/Attachments/BP_BTR80_INS_KPVT,BP_Projectile_14_5mm,Projectile_Suppression_20mm_AP,False,600,600,1004,,40,50,9,10.5,2.299999952316284,0.699999988079071,2.0,5.0,,,,,,,,,,,4
LAV_RWS,APC,M2A1 Browning CROWS,HMG (.50 / 14.5),hmg,LAV_RWS/Weapons/BP_CROWS_M2_Nanuk,BP_Projectile_50cal,Projectile_SuppressionHMG,False,500,500,890,,28,400,1,30.0,1.5,0.5,2.0,5.0,,,,,,,,,,,4
BTR-D,APCTracked,Kord,HMG (.50 / 14.5),hmg,BTR-D/Weapons/Kord_OpenTop/BP_Kord_BTR-D,BP_Projectile_50cal,Projectile_SuppressionHMG,False,706,706,860,,28,100,10,7.9670000076293945,1.5,0.5,2.0,5.0,,,,,,,,,,,1
FV432,APCTracked,L11A1,HMG (.50 / 14.5),hmg,FV432/Turrets/BP_M2a1Browning_FV432,BP_Projectile_50cal,Projectile_SuppressionHMG,False,500,500,890,,28,100,10,10.40999984741211,1.5,0.5,2.0,5.0,,,,,,,,,,,2
AAVP7A1,APCTracked,M2A1 Browning,HMG (.50 / 14.5),hmg,AAVP7A1/Weapons/BP_AAVP7A1_M2,BP_Projectile_50cal,Projectile_SuppressionHMG,False,500,500,890,,28,100,5,12.5,1.5,0.5,2.0,5.0,,,,,,,,,,,4
RHIB,Boat,Dshk,HMG (.50 / 14.5),hmg,RHIB/Weapons/BP_DShK_RHIB_Weapon,BP_Projectile_50cal,Projectile_SuppressionHMG,False,600,600,850,,28,100,10,8.0,1.5,0.5,2.0,5.0,,,,,,,,,,,1
RHIB,Boat,Kord,HMG (.50 / 14.5),hmg,RHIB/Weapons/BP_NSV_RHIB_Weapon,BP_Projectile_50cal,Projectile_SuppressionHMG,False,706,706,860,,28,100,10,7.9670000076293945,1.5,0.5,2.0,5.0,,,,,,,,,,,1
RHIB,Boat,M2A1 Browning,HMG (.50 / 14.5),hmg,RHIB/Weapons/BP_M2_RHIB_Weapon,BP_Projectile_50cal,Projectile_SuppressionHMG,False,500,500,890,,28,100,10,10.5,1.5,0.5,2.0,5.0,,,,,,,,,,,1
RHIB,Boat,M2HB Browning,HMG (.50 / 14.5),hmg,RHIB/Weapons/BP_M2HB_RHIB_Weapon,BP_Projectile_50cal,Projectile_SuppressionHMG,False,500,500,890,,28,100,10,10.5,1.5,0.5,2.0,5.0,,,,,,,,,,,1
RHIB,Boat,QJZ-89,HMG (.50 / 14.5),hmg,RHIB/Weapons/BP_QJZ-89_RHIB_Weapon,BP_Projectile_50cal,Projectile_SuppressionHMG,False,600,600,850,,28,100,10,9.833000183105469,1.5,0.5,2.0,5.0,,,,,,,,,,,1
DShK,Emplacement,DShK,HMG (.50 / 14.5),hmg,Emplaced_Dshk/BP_EmplacedDshk,BP_Projectile_50cal,Projectile_SuppressionHMG,False,500,500,850,,28,100,1,7.900000095367432,1.5,0.5,2.0,5.0,,,,,,,,,,,2
M2A1 Browning,Emplacement,Dshk,HMG (.50 / 14.5),hmg,M1151/Weapons/BP_M1151_Technical_DShK_Shield,BP_Projectile_50cal,Projectile_SuppressionHMG,False,500,500,850,,28,100,10,8.0,1.5,0.5,2.0,5.0,,,,,,,,,,,1
Emplaced50cal,Emplacement,L11A1 + SUSAT,HMG (.50 / 14.5),hmg,Emplaced50cal/BP_EmplacedM2_Weapon_SUSAT,BP_Projectile_50cal_ACOG,Projectile_SuppressionHMG,False,500,500,890,,28,100,1,10.5,1.5,0.5,2.0,5.0,,,,,,,,,,,1
Emplaced50cal,Emplacement,M2A1 Browning,HMG (.50 / 14.5),hmg,Emplaced50cal/BP_EmplacedM2_Weapon,BP_Projectile_50cal,Projectile_SuppressionHMG,False,500,500,890,,28,100,1,10.5,1.5,0.5,2.0,5.0,,,,,,,,,,,11
Emplaced50cal,Emplacement,M2A1 Browning + M150,HMG (.50 / 14.5),hmg,Emplaced50cal/BP_EmplacedM2_Weapon_ACOG,BP_Projectile_50cal_ACOG,Projectile_SuppressionHMG,False,500,500,890,,28,100,1,10.5,1.5,0.5,2.0,5.0,,,,,,,,,,,1
Emplaced50cal,Emplacement,M2HB Browning,HMG (.50 / 14.5),hmg,Emplaced50cal/BP_EmplacedM2HB_Weapon_Ironsight,BP_Projectile_50cal,Projectile_SuppressionHMG,False,500,500,890,,28,100,1,10.5,1.5,0.5,2.0,5.0,,,,,,,,,,,1
NSV,Emplacement,NSV,HMG (.50 / 14.5),hmg,Emplaced_Kord/BP_EmplacedKord,BP_Projectile_50cal,Projectile_SuppressionHMG,False,706,706,860,,28,100,1,8.5,1.5,0.5,2.0,5.0,,,,,,,,,,,1
NSV,Emplacement,NSV,HMG (.50 / 14.5),hmg,Emplaced_Kord/BP_EmplacedKord_SPP,BP_Projectile_50cal_ACOG,Projectile_SuppressionHMG,False,706,706,860,,28,100,1,8.5,1.5,0.5,2.0,5.0,,,,,,,,,,,1
QJZ-89,Emplacement,QJZ-89,HMG (.50 / 14.5),hmg,Emplaced_QJZ-89/BP_EmplacedQJZ-89,BP_Projectile_50cal,Projectile_SuppressionHMG,False,652,652,850,,28,100,1,9.833000183105469,1.5,0.5,2.0,5.0,,,,,,,,,,,2
Emplaced50cal,Emplacement,Shielded M2A1 Browning,HMG (.50 / 14.5),hmg,Emplaced50cal/BP_EmplacedM2HB_Shield_Weapon,BP_Projectile_50cal,Projectile_SuppressionHMG,False,500,500,890,,28,100,1,10.5,1.5,0.5,2.0,5.0,,,,,,,,,,,1
UH1Y,Helicopter,GAU-21,HMG (.50 / 14.5),hmg,UH1Y/Weapons/GAU21/BP_GAU21_DoorGun,BP_Projectile_50cal,Projectile_SuppressionHMG,False,1000,1000,890,,28,600,1,10.5,130.0,0.5,2.0,5.0,,,,,,,,,,,1
MRH90,Helicopter,M2HB,HMG (.50 / 14.5),hmg,MRH90/Weapons/BP_M2_DoorGun,BP_Projectile_50cal,Projectile_SuppressionHMG,False,500,500,890,,28,350,1,10.5,1.5,0.5,2.0,5.0,,,,,,,,,,,1
ACV-15,IFVTracked,M2A1 Browning,HMG (.50 / 14.5),hmg,ACV-15/Weapons/BP_ACV15_OpenTurret_M2_Weapon,BP_Projectile_50cal,Projectile_SuppressionHMG,False,500,500,890,,28,100,10,10.5,1.5,0.5,2.0,5.0,,,,,,,,,,,1
ZSD89,IFVTracked,QJZ-89,HMG (.50 / 14.5),hmg,ZSD89/Turrets/BP_ZSD_QJZ89,BP_Projectile_50cal,Projectile_SuppressionHMG,False,706,706,850,,28,150,10,5.900000095367432,1.5,0.5,2.0,5.0,,,,,,,,,,,3
Tigr,Jeep,Arbalet Kord,HMG (.50 / 14.5),hmg,Tigr/Weapons/BP_Arbalet_Kord,BP_Projectile_50cal,Projectile_SuppressionHMG,False,706,706,860,,40,450,1,20.0,1.5,0.5,2.0,5.0,,,,,,,,,,,2
BRDM-2,Jeep,KPVT BZT Armor-Piercing Incendiary,HMG (.50 / 14.5),hmg,BRDM-2/Attachments/BP_BRDM2_KPVT_Insurgents,BP_Projectile_14_5mm,Projectile_Suppression_20mm_AP,False,600,600,1004,,40,50,9,10.5,2.299999952316284,0.699999988079071,2.0,5.0,,,,,,,,,,,10
Kozak_2M1_AFU,Jeep,Kord,HMG (.50 / 14.5),hmg,Kozak_2M1_AFU/Weapons/Kord/BP_Kord_Kozak,BP_Projectile_50cal,Projectile_SuppressionHMG,False,706,706,860,,28,100,10,7.9670000076293945,1.5,0.5,2.0,5.0,,,,,,,,,,,2
Cobra_II,Jeep,M2A1 Browning,HMG (.50 / 14.5),hmg,Cobra_II/Weapons/Cobra_II_OpenTop/BP_Cobra_II_OpenTurret_M2_Weapon,BP_Projectile_50cal,Projectile_SuppressionHMG,False,500,500,890,,28,100,10,10.5,1.5,0.5,2.0,5.0,,,,,,,,,,,3
MATV,Jeep,M2A1 Browning CROWS,HMG (.50 / 14.5),hmg,MATV/Turrets/BP_CROWS_M2,BP_Projectile_50cal,Projectile_SuppressionHMG,False,500,500,890,,28,400,1,30.0,1.5,0.5,2.0,5.0,,,,,,,,,,,5
PMV,Jeep,M2A1 Browning PWS,HMG (.50 / 14.5),hmg,PMV/Turrets/PWS/BP_PMV_RWS_M2,BP_Projectile_50cal,Projectile_SuppressionHMG,False,500,500,890,,28,400,1,30.0,1.5,0.5,2.0,5.0,,,,,,,,,,,1
Safir,Jeep,NSV,HMG (.50 / 14.5),hmg,Safir/Weapons/BP_Kord_Safir_Weapon,BP_Projectile_50cal,Projectile_SuppressionHMG,False,706,706,860,,28,100,10,10.666999816894531,1.5,0.5,2.0,5.0,,,,,,,,,,,1
CSK131,Jeep,QJZ89,HMG (.50 / 14.5),hmg,CSK131/Weapons/BP_QJZ89_CSK131,BP_Projectile_50cal,Projectile_SuppressionHMG,False,652,652,850,,28,100,10,9.833000183105469,1.5,0.5,2.0,5.0,,,,,,,,,,,2
Cobra_II,Jeep,RWS M2HB,HMG (.50 / 14.5),hmg,Cobra_II/Weapons/Cobra_II_RWS/BP_CobraRWS_M2,BP_Projectile_50cal,Projectile_SuppressionHMG,False,500,500,890,,28,400,1,30.0,1.5,0.5,2.0,5.0,,,,,,,,,,,2
Technical,JeepAntiTank,Dshk,HMG (.50 / 14.5),hmg,Technical/Weapons/BP_DShK_Technical,BP_Projectile_50cal,Projectile_SuppressionHMG,False,600,600,850,,28,100,10,8.0,1.5,0.5,2.0,5.0,,,,,,,,,,,1
Technical,JeepAntiTank,Dshk,HMG (.50 / 14.5),hmg,Technical/Weapons/BP_DShK_Technical_Shield,BP_Projectile_50cal,Projectile_SuppressionHMG,False,500,500,850,,28,100,10,8.0,1.5,0.5,2.0,5.0,,,,,,,,,,,1
Technical,JeepAntiTank,M2A1 Browning,HMG (.50 / 14.5),hmg,Technical/Weapons/BP_M2_Technical,BP_Projectile_50cal,Projectile_SuppressionHMG,False,500,500,890,,28,100,10,10.5,1.5,0.5,2.0,5.0,,,,,,,,,,,1
LUVW,JeepTransport,M2A1 Browning,HMG (.50 / 14.5),hmg,LUVW/Weapons/BP_50Cal_LUVW,BP_Projectile_50cal,Projectile_SuppressionHMG,False,500,500,890,,28,100,10,10.5,1.5,0.5,2.0,5.0,,,,,,,,,,,2
EnforcerRWS,,L11A1 CROWS,HMG (.50 / 14.5),hmg,EnforcerRWS/BP_EnforcerRWS_M2,BP_Projectile_50cal,Projectile_SuppressionHMG,False,500,500,890,,28,400,1,30.0,1.5,0.5,2.0,5.0,,,,,,,,,,,4
QJZ_89_RWS,,QJC-88 RWS,HMG (.50 / 14.5),hmg,QJZ_89_RWS/BP_QJZ89_RWS,BP_Projectile_50cal,Projectile_SuppressionHMG,False,706,706,850,,28,450,1,20.0,1.5,0.5,2.0,5.0,,,,,,,,,,,3
T62,Tank,DshK,HMG (.50 / 14.5),hmg,T62/Weapons/BP_Cupola_Dshk,BP_Projectile_50cal,Projectile_SuppressionHMG,False,500,500,850,,28,100,6,10.5,1.5,0.5,2.0,5.0,,,,,,,,,,,2
M1128_MGS,Tank,M2A1 Browning,HMG (.50 / 14.5),hmg,M1128_MGS/Weapons/BP_50Cal_M1128,BP_Projectile_50cal,Projectile_SuppressionHMG,True,500,500,890,,28,100,10,10.5,1.5,0.5,2.0,5.0,,,,,,,,,,,6
AUS_M1A1,Tank,M2A1 Browning CWS,HMG (.50 / 14.5),hmg,AUS_M1A1/Weapons/BP_M1A1_FLEX_M2,BP_Projectile_50cal,Projectile_SuppressionHMG,False,500,500,890,,28,100,,30.0,1.5,0.5,2.0,5.0,,,,,,,,,,,1
M60T,Tank,M85 HMG,HMG (.50 / 14.5),hmg,M60T/Weapons/BP_M60T_M85,BP_Projectile_50cal,Projectile_SuppressionHMG,False,500,500,890,,28,400,1,30.0,1.5,0.5,2.0,5.0,,,,,,,,,,,3
T64_BM2,Tank,NSVT,HMG (.50 / 14.5),hmg,T64_BM2/Weapons/BP_Kord_Cupola_Weapon_T64BM2,BP_Projectile_50cal,Projectile_SuppressionHMG,False,706,706,860,,40,150,2,20.0,1.5,0.5,2.0,5.0,,,,,,,,,,,7
ZTZ99,Tank,QJC-88,HMG (.50 / 14.5),hmg,ZTZ99/Weapons/BP_W85_Cupola_Weapon,BP_Projectile_50cal,Projectile_SuppressionHMG,False,706,706,860,,40,150,2,20.0,1.5,0.5,2.0,5.0,,,,,,,,,,,1
CTM131_Truck,TruckTransport,QJZ89,HMG (.50 / 14.5),hmg,CTM131_Truck/Weapons/BP_QJZ89_CTM131,BP_Projectile_50cal,Projectile_SuppressionHMG,False,706,706,850,,28,100,10,9.833000183105469,1.5,0.5,2.0,5.0,,,,,,,,,,,1
Loach_CAS_WPMC,Helicopter,GAU-17/A Minigun,Minigun,minigun,Loach_CAS_WPMC/Weapons/BP_M134_Loach_Dual,BP_Projectile_Red_762mm_Minigun,Explosion_Suppression_CAS_Minigun,False,353,353,853,,16,200,1,10.5,155.0,2.0,3.0,,,3.0,1500.0,2000.0,3.0,150.0,75.0,300.0,,,2
UH1Y,Helicopter,GAU-17/A Minigun,Minigun,minigun,UH1Y/Weapons/M134/BP_M134_DoorGun,BP_Projectile_7_62mm,Projectile_SuppressionHMG,True,1667,1667,853,,16,1500,1,10.5,155.0,0.5,2.0,5.0,,,,,,,,,,,2
CPV,Jeep,M134 Minigun,Minigun,minigun,CPV/Weapons/BP_M134_Weapon_CPV,BP_Projectile_Red_762mm,Projectile_SuppressionHMG,True,1667,1667,853,,13,800,1,10.5,40.0,0.5,2.0,5.0,,,,,,,,,,,1
Technical2Seater,,GAU-17/A Minigun,Minigun,minigun,Technical2Seater/Weapons/BP_M134_Weapon,BP_Projectile_Red_762mm,Projectile_SuppressionHMG,True,1667,1667,853,,13,1500,1,10.5,40.0,0.5,2.0,5.0,,,,,,,,,,,1
M1064A3,APCTracked,M934A1 120mm High Explosive Impact,Mortar / barrage,mortar,M1064A3/Weapons/BP_M1064A3_M121mortar,BP_Mortarround_120mm,Explosion_Suppression_120mm_Barrage_NoPassby,False,16,16,142,,0,30,1,4.0,40.0,0.0,2.0,,,5.0,2000.0,7500.0,6.0,400.0,0.0,4000.0,,10.0,1
M1064A3,APCTracked,M934A1 120mm High Explosive Near-Surface,Mortar / barrage,mortar,M1064A3/Weapons/BP_M1064A3_M121mortar_Airburst,BP_Mortarround_120mm_Airburst,Explosion_Suppression_120mm_Barrage_NoPassby,False,16,16,142,,0,15,1,4.0,50.0,0.0,2.0,,,5.0,2000.0,7500.0,6.0,0.0,0.0,2000.0,,0.0,1
Blessed Propane Tank,Emplacement,Blessed Propane Tank,Mortar / barrage,mortar,Emplaced_HellCannon/BP_Emplaced_HellCannon,BP_Projectile_Hell_Cannon,Explosion_Suppression_155mm_Frag_NoPassby,False,600,4,95,,0,1,1,14.899999618530273,100.0,0.0,2.0,,,4.5,2500.0,7500.0,,125.0,100.0,5000.0,,100.0,1
Emplaced_81mmMortar_CAF,Emplacement,C70A2 81mm High Explosive,Mortar / barrage,mortar,Emplaced_81mmMortar_CAF/BP_81mmMortar,BP_Mortarround4,Explosion_Suppression_90mm_Mortar_NoPassby,False,34,34,110,,,3,1,3.0,50.0,0.0,2.0,,,4.5,1500.0,4500.0,5.0,350.0,0.0,4000.0,,10.0,1
Emplaced_M252mortar,Emplacement,L15A4 81mm High Explosive,Mortar / barrage,mortar,Emplaced_M252mortar/BP_L16mortar,BP_Mortarround4,Explosion_Suppression_90mm_Mortar_NoPassby,False,34,34,110,,,3,1,3.0,50.0,0.0,2.0,,,4.5,1500.0,4500.0,5.0,350.0,0.0,4000.0,,10.0,1
Emplaced_M252mortar,Emplacement,M821A1 81mm High Explosive,Mortar / barrage,mortar,Emplaced_M252mortar/BP_M252mortar,BP_Mortarround4,Explosion_Suppression_90mm_Mortar_NoPassby,False,34,34,110,,,3,1,3.0,50.0,0.0,2.0,,,4.5,1500.0,4500.0,5.0,350.0,0.0,4000.0,,10.0,1
Emplaced_PP87Mortar,Emplacement,Type 87 82mm High Explosive,Mortar / barrage,mortar,Emplaced_PP87Mortar/BP_PP87Mortar,BP_Mortarround4,Explosion_Suppression_90mm_Mortar_NoPassby,False,34,34,110,,,3,1,3.0,50.0,0.0,2.0,,,4.5,1500.0,4500.0,5.0,350.0,0.0,4000.0,,10.0,1
Emplaced_2b14podnosmortar,Emplacement,VO-832DU 82mm High Explosive,Mortar / barrage,mortar,Emplaced_2b14podnosmortar/BP_2b14podnosmortar,BP_Mortarround4,Explosion_Suppression_90mm_Mortar_NoPassby,False,34,34,110,,,3,1,3.0,50.0,0.0,2.0,,,4.5,1500.0,4500.0,5.0,350.0,0.0,4000.0,,10.0,2
Technical2Seater_WPMC,,M821A1 81mm High Explosive,Mortar / barrage,mortar,Technical2Seater_WPMC/Weapons/BP_Technical_M252mortar,BP_Mortarround4,Explosion_Suppression_90mm_Mortar_NoPassby,False,34,34,110,,0,3,7,3.0,50.0,0.0,2.0,,,4.5,1500.0,4500.0,5.0,350.0,0.0,4000.0,,10.0,1
Technical2Seater,,VO-832DU 82mm High Explosive,Mortar / barrage,mortar,Technical2Seater/Weapons/BP_Technical_M1937mortar,BP_Mortarround4,Explosion_Suppression_90mm_Mortar_NoPassby,False,34,34,110,,0,3,7,3.0,50.0,0.0,2.0,,,4.5,1500.0,4500.0,5.0,350.0,0.0,4000.0,,10.0,1
Emplaced_ZiS3_Cannon,Emplacement,76mm Fragmentation,Recoilless / field gun,rr,Emplaced_ZiS3_Cannon/Weapons/BP_ZiS3_Weapon_Frag,BP_Projectile_76mm_Frag,Explosion_Suppression_90mm_Frag,False,600,12,700,1.0,0,1,1,4.933000087738037,3.0,,2.0,,,4.25,1500.0,3000.0,5.0,200.0,200.0,1600.0,0.0,100.0,1
Emplaced_ZiS3_Cannon,Emplacement,76mm High Explosive Anti-Tank,Recoilless / field gun,rr,Emplaced_ZiS3_Cannon/Weapons/BP_ZiS3_Weapon_HEAT,BP_Projectile_76mm_HEAT,Explosion_Suppression_90mm_HEAT,False,600,12,700,,450,1,1,4.933000087738037,3.0,,2.0,,,5.0,850.0,1800.0,4.5,200.0,350.0,1600.0,100.0,1900.0,1
SPG-9 PG-9V HEAT,Emplacement,SPG-9 OG-9V Fragmentation,Recoilless / field gun,rr,Emplaced_SPG9/BP_EmplacedSPG9_Frag,BP_SPG9_og9v_Frag_Proj2,Explosion_Suppression_90mm_Frag_NoPassby,False,706,10,315,100.0,5,1,1,6.199999809265137,3.0,0.0,2.0,,,4.25,1500.0,3000.0,5.0,200.0,200.0,1600.0,,100.0,2
SPG-9 PG-9V HEAT,Emplacement,SPG-9 PG-9V HEAT,Recoilless / field gun,rr,Emplaced_SPG9/BP_EmplacedSPG9,BP_SPG9_pg9v_Heat_Proj2,Explosion_Suppression_90mm_HEAT_NoPassby,False,706,10,435,1800.0,400,1,1,6.199999809265137,3.0,0.0,2.0,,,5.0,850.0,1800.0,4.5,100.0,200.0,800.0,,1800.0,2
BMD-1M,IFVTracked,OG-15V Fragmentation,Recoilless / field gun,rr,BMD-1M/Weapons/BP_BMD1M_2A28_Frag,BP_SPG9_og9v_Frag_Proj2,Explosion_Suppression_90mm_Frag_NoPassby,False,706,8,290,1800.0,5,1,16,7.5,3.0,0.0,2.0,,,4.25,1500.0,3000.0,5.0,200.0,200.0,1600.0,,100.0,2
BMD-1M,IFVTracked,PG-15V High Explosive Anti-Tank,Recoilless / field gun,rr,BMD-1M/Weapons/BP_BMD1M_2A28_HEAT,BP_SPG9_pg9v_Heat_Proj2,Explosion_Suppression_90mm_HEAT_NoPassby,False,706,8,435,1800.0,400,1,24,7.5,3.0,0.0,2.0,,,5.0,850.0,1800.0,4.5,100.0,200.0,800.0,,1800.0,2
Technical,JeepAntiTank,SPG-9 OG-9V Fragmentation,Recoilless / field gun,rr,Technical/Weapons/BP_SPG9_Frag,BP_SPG9_og9v_Frag_Proj2,Explosion_Suppression_90mm_Frag_NoPassby,False,706,8,315,100.0,5,1,8,7.079999923706055,1.0,0.0,2.0,,,4.25,1500.0,3000.0,5.0,200.0,200.0,1600.0,,100.0,1
Technical,JeepAntiTank,SPG-9 PG-9V HEAT,Recoilless / field gun,rr,Technical/Weapons/BP_SPG9,BP_SPG9_pg9v_Heat_Proj2,Explosion_Suppression_90mm_HEAT_NoPassby,False,706,8,435,1800.0,400,1,8,7.079999923706055,3.0,0.0,2.0,,,5.0,850.0,1800.0,4.5,100.0,200.0,800.0,,1800.0,1
Technical2Seater,,OG-15V Fragmentation,Recoilless / field gun,rr,Technical2Seater/Weapons/BP_Technical_BMP1_2A28_Frag,BP_SPG9_og9v_Frag_Proj2,Explosion_Suppression_90mm_Frag_NoPassby,False,706,8,290,1800.0,5,1,8,7.5,3.0,0.0,2.0,,,4.25,1500.0,3000.0,5.0,200.0,200.0,1600.0,,100.0,1
Technical2Seater,,PG-15V High Explosive Anti-Tank,Recoilless / field gun,rr,Technical2Seater/Weapons/BP_Technical_BMP1_2A28_HEAT,BP_SPG9_pg9v_Heat_Proj2,Explosion_Suppression_90mm_HEAT_NoPassby,False,706,8,435,1800.0,400,1,12,7.5,3.0,0.0,2.0,,,5.0,850.0,1800.0,4.5,100.0,200.0,800.0,,1800.0,1
UB-32 S5 Rockets,Emplacement,UB-32 S5 Rockets,Rocket,rocket,Emplaced_UB32_RocketArtillery/BP_EmplacedUB32,BP_S5_Proj2,Explosion_Suppression_90mm_Frag_NoPassby,False,600,600,300,250.0,130,32,1,76.30000305175781,300.0,0.0,2.0,,,4.25,1500.0,3000.0,5.0,,,1800.0,,250.0,1
CH146,Helicopter,Hydra-70 Rockets,Rocket,rocket,CH146/Weapons/Hydra/BP_CH146_Hydra,BP_Hydra70_Proj2,Explosion_Suppression_90mm_HEAT_NoPassby,False,240,240,739,700.0,400,38,1,6.599999904632568,12.0,0.0,2.0,,,5.0,850.0,1800.0,4.5,300.0,200.0,600.0,,1200.0,2
UH60M,Helicopter,Hydra-70 Rockets,Rocket,rocket,UH60M/Weapons/BP_HydraRockets,BP_Hydra70_Proj2,Explosion_Suppression_90mm_HEAT_NoPassby,False,200,200,739,250.0,145,9999,1,6.599999904632568,100.0,0.0,2.0,,,5.0,850.0,1800.0,4.5,300.0,200.0,600.0,,1200.0,1
Loach_CAS_WPMC,Helicopter,M151 HEDP,Rocket,rocket,Loach_CAS_WPMC/Weapons/BP_Hydra_Loach_Dual_Generic,BP_Hydra70_Proj2,Explosion_Suppression_90mm_HEAT_NoPassby,False,600,600,739,700.0,400,14,1,6.599999904632568,150.0,0.0,2.0,,,5.0,850.0,1800.0,4.5,300.0,200.0,600.0,,1200.0,7
MI8,Helicopter,S-5 Rockets,Rocket,rocket,MI8/Weapons/BP_S5Rockets,BP_S5_Proj2,Explosion_Suppression_90mm_Frag_NoPassby,False,200,200,739,250.0,130,126,1,6.599999904632568,100.0,0.0,2.0,,,4.25,1500.0,3000.0,5.0,,,1800.0,,250.0,1
Z8J,Helicopter,Type-57 Rockets,Rocket,rocket,Z8J/Weapons/BP_Type57_Z8J,BP_Type57_Proj2,Explosion_Suppression_120mm_HEAT_NoPassby,False,480,480,300,250.0,130,36,1,6.599999904632568,300.0,0.0,2.0,,,4.5,1687.5,2400.0,5.0,,,1800.0,,250.0,1
BRDM-2,Jeep,S5 Rockets,Rocket,rocket,BRDM-2/Weapons/BP_BRDM2_GFI_UB32,BP_S5_Proj2,Explosion_Suppression_90mm_Frag_NoPassby,False,600,600,300,250.0,130,32,1,6.599999904632568,300.0,0.0,2.0,,,4.25,1500.0,3000.0,5.0,,,1800.0,,250.0,3
Technical,JeepAntiTank,S5 Rockets,Rocket,rocket,Technical/Weapons/BP_UB32,BP_S5_Proj2,Explosion_Suppression_90mm_Frag_NoPassby,False,600,600,300,250.0,130,32,2,6.599999904632568,300.0,0.0,2.0,,,4.25,1500.0,3000.0,5.0,,,1800.0,,250.0,1
Kraz-6322_BM21Grad,TruckTransport,9M22U 122mm Rocket,Rocket,rocket,Kraz-6322_BM21Grad/Weapons/BP_BM21Grad_Weapon_AFU_Kraz,BP_BM21_Rocket_Proj2,Explosion_Suppression_120mm_Barrage_NoPassby,False,240,240,200,250.0,130,40,1,6.599999904632568,200.0,0.0,2.0,,,5.0,2000.0,7500.0,6.0,250.0,200.0,1000.0,,1200.0,3
BTR80,APC,40mm Smoke Launchers,Smoke,smoke,BTR80/Attachments/BP_BTR80_INS_Smoke_Launcher,BP_VehicleSmoke_Proj,Projectile_SuppressionNone,False,60,60,50,,,2,1,,,0.0,0.0,0.0,,,,,,0.0,0.0,0.0,,60.0,6
BTR-D,APCTracked,40mm Smoke Launchers,Smoke,smoke,BTR-D/Weapons/BP_Smoke_Launcher_BTRD_Driver,BP_VehicleSmoke_Proj,Projectile_SuppressionNone,False,60,60,50,,,2,1,,,0.0,0.0,0.0,,,,,,0.0,0.0,0.0,,60.0,2
M1064A3,APCTracked,M929 120mm White Smoke,Smoke,smoke,M1064A3/Weapons/BP_M1064A3_M121mortar_Smoke,BP_Mortarround_SMOKE_120mm,Projectile_SuppressionNone,False,16,16,142,,0,15,1,4.0,40.0,0.0,0.0,0.0,,,,,,0.0,0.0,0.0,,,1
Emplaced_ZiS3_Cannon,Emplacement,76mm Smoke,Smoke,smoke,Emplaced_ZiS3_Cannon/Weapons/BP_ZiS3_Weapon_Smoke,BP_Projectile_76mm_Smoke,Explosion_Suppression_Autocannon_HE,False,600,12,700,1.0,0,1,1,4.933000087738037,3.0,,2.0,,,1.5,350.0,,4.0,150.0,200.0,1000.0,0.0,100.0,1
Emplaced_81mmMortar_CAF,Emplacement,81mm Smoke,Smoke,smoke,Emplaced_81mmMortar_CAF/BP_81mmMortar_Smoke,BP_Mortarround_SMOKE2,Projectile_SuppressionNone,False,34,34,110,,,3,1,3.0,50.0,0.0,0.0,0.0,,,,,,0.0,0.0,0.0,,,1
Emplaced_2b14podnosmortar,Emplacement,D-832DU 82mm Smoke,Smoke,smoke,Emplaced_2b14podnosmortar/BP_2b14podnosmortar_Smoke,BP_Mortarround_SMOKE2,Projectile_SuppressionNone,False,34,34,110,,,3,1,3.0,50.0,0.0,0.0,0.0,,,,,,0.0,0.0,0.0,,,2
Emplaced_M252mortar,Emplacement,L19A1 81mm Smoke,Smoke,smoke,Emplaced_M252mortar/BP_L16mortar_Smoke,BP_Mortarround_SMOKE2,Projectile_SuppressionNone,False,34,34,110,,,3,1,3.0,50.0,0.0,0.0,0.0,,,,,,0.0,0.0,0.0,,,1
Emplaced_M252mortar,Emplacement,M819 81mm Smoke,Smoke,smoke,Emplaced_M252mortar/BP_M252mortar_Smoke,BP_Mortarround_SMOKE2,Projectile_SuppressionNone,False,34,34,110,,,3,1,3.0,50.0,0.0,0.0,0.0,,,,,,0.0,0.0,0.0,,,1
Emplaced_PP87Mortar,Emplacement,Type 87 82mm Smoke,Smoke,smoke,Emplaced_PP87Mortar/BP_PP87Mortar_Smoke,BP_Mortarround_SMOKE2,Projectile_SuppressionNone,False,34,34,110,,,3,1,3.0,50.0,0.0,0.0,0.0,,,,,,0.0,0.0,0.0,,,1
Loach_CAS_WPMC,Helicopter,M156 Smoke,Smoke,smoke,Loach_CAS_WPMC/Weapons/BP_Hydra_Loach_Small_Smoke_Single_Left,BP_Hydra70_Smoke_Proj2,Explosion_Suppression_90mm_HEAT_NoPassby,False,600,600,739,100.0,0,7,1,6.599999904632568,150.0,0.0,2.0,,,5.0,850.0,1800.0,4.5,0.0,0.0,0.0,,100.0,1
ASLAV,IFV,40mm Smoke Launchers,Smoke,smoke,ASLAV/Weapons/BP_ASLAV_SmokeLauncher,BP_VehicleSmoke_Proj,Projectile_SuppressionNone,False,60,60,50,,,2,1,,,0.0,0.0,0.0,,,,,,0.0,0.0,0.0,,60.0,5
ACV-15,IFVTracked,40mm Smoke Launchers,Smoke,smoke,ACV-15/Weapons/BP_Smoke_Launcher_ACV15_Driver_Front,BP_VehicleSmoke_Proj_ACV,Projectile_SuppressionNone,False,60,60,50,,,2,1,,,0.0,0.0,0.0,,,,,,0.0,0.0,0.0,,60.0,1
BMD-1M,IFVTracked,40mm Smoke Launchers,Smoke,smoke,BMD-1M/Weapons/BP_BMD1M_Smoke_Launcher,BP_VehicleSmoke_Proj,Projectile_SuppressionNone,False,60,60,50,,,2,1,,,0.0,0.0,0.0,,,,,,0.0,0.0,0.0,,60.0,25
FV510,IFVTracked,40mm Smoke Launchers,Smoke,smoke,FV510/Weapons/BP_Warrior_Smoke_Launcher_Commander,BP_ProjectileBlank,Projectile_SuppressionInfo_Rifle,False,60,60,50,,,2,1,,,0.09000000357627869,1.149999976158142,1.125,FC_SuppressionPower_RIfles,,,,,,,,,,1
BRDM-2,Jeep,40mm Smoke Launchers,Smoke,smoke,BRDM-2/Attachments/BP_BRDM2_Insurgents_Smoke_Launcher,BP_VehicleSmoke_Proj,Projectile_SuppressionNone,False,60,60,50,,,2,1,,,0.0,0.0,0.0,,,,,,0.0,0.0,0.0,,60.0,13
Technical2Seater,,D-832DU 82mm Smoke,Smoke,smoke,Technical2Seater/Weapons/BP_Technical_M1937mortar_Smoke,BP_Mortarround_SMOKE2,Projectile_SuppressionNone,False,34,34,110,,0,3,7,3.0,50.0,0.0,0.0,0.0,,,,,,0.0,0.0,0.0,,,1
Technical2Seater_WPMC,,M819 81mm Smoke,Smoke,smoke,Technical2Seater_WPMC/Weapons/BP_Technical_M252mortar_Smoke,BP_Mortarround_SMOKE2,Projectile_SuppressionNone,False,34,34,110,,0,3,7,3.0,50.0,0.0,0.0,0.0,,,,,,0.0,0.0,0.0,,,1
M60T,Tank,120mm Smoke,Smoke,smoke,M60T/Weapons/BP_MG253_Smoke,BP_Projectile_120mm_Smoke,Projectile_Suppression_120mm_AP,False,,8,670,100.0,0,1,5,8.0,1.5,1.5,2.0,5.0,,,,,,150.0,200.0,1000.0,0.0,100.0,1
FV4034,Tank,40mm Smoke Launchers,Smoke,smoke,FV4034/Weapons/BP_Smoke_Launcher_FV4034,BP_VehicleSmoke_Proj,Projectile_SuppressionNone,False,60,60,50,,,2,1,,,0.0,0.0,0.0,,,,,,0.0,0.0,0.0,,60.0,13
M1A2,Tank,40mm Smoke Launchers,Smoke,smoke,M1A2/Weapons/BP_Smoke_Launcher_M1A2_Commander,BP_ProjectileBlank,Projectile_SuppressionInfo_Rifle,False,60,60,50,,,2,1,,,0.09000000357627869,1.149999976158142,1.125,FC_SuppressionPower_RIfles,,,,,,,,,,8
FV4034,Tank,L34 120mm Smoke,Smoke,smoke,FV4034/Weapons/BP_L30A1_Smoke,BP_Projectile_120mm_Smoke,Projectile_Suppression_120mm_AP,False,,8,670,100.0,0,1,6,8.0,1.5,1.5,2.0,5.0,,,,,,150.0,200.0,1000.0,0.0,100.0,1
M1128_MGS,Tank,M416 105mm White Phosphorus,Smoke,smoke,M1128_MGS/Weapons/BP_M68A2_Smoke,BP_Projectile_120mm_Smoke,Projectile_Suppression_120mm_AP,False,,10,1100,1900.0,400,1,2,6.0,1.5,1.5,2.0,5.0,,,,,,150.0,200.0,1000.0,0.0,100.0,1
BMD-4M,IFVTracked,3UOF19 100mm High-Explosive Fragmentation,Tank main gun,tankhe,BMD-4M/Weapons/BP_BMD4M_2A70_HEFrag,BP_Projectile_100mm_Frag,Explosion_Suppression_120mm_Frag,False,,12,355,1900.0,450,1,22,5.0,1.600000023841858,1.5,2.0,,,5.0,1687.5,5000.0,6.0,300.0,400.0,3500.0,200.0,200.0,2
ZTD05,IFVTracked,DTB-02 105mm Fragmentation,Tank main gun,tankhe,ZTD05/Weapons/BP_ZTD05_ZPL-98A_Frag,BP_Projectile_125mm_Frag,Explosion_Suppression_120mm_Frag,False,,7,730,200.0,10,1,20,9.0,1.5,1.5,2.0,,,5.0,1687.5,5000.0,6.0,300.0,400.0,3500.0,200.0,200.0,1
ZBD04A,IFVTracked,DTB02-100 100mm High-Explosive Fragmentation,Tank main gun,tankhe,ZBD04A/Weapons/BP_ZBD04A_2A70_HEFrag,BP_Projectile_100mm_Frag,Explosion_Suppression_120mm_Frag,False,,12,355,1900.0,450,1,22,5.0,1.600000023841858,1.5,2.0,,,5.0,1687.5,5000.0,6.0,300.0,400.0,3500.0,200.0,200.0,1
ZTD05,IFVTracked,DTC-02 105mm Armor-Piercing Sabot,Tank main gun,tankap,ZTD05/Weapons/BP_ZTD05_ZPL-98A_AP,BP_Projectile_105mm_AP,Projectile_Suppression_90mm_AP,False,,7,1110,,550,1,12,9.0,1.5,,2.0,5.0,,,,,,,,,,,1
ZTD05,IFVTracked,DTP-04 105mm High Explosive Anti-Tank,Tank main gun,tankheat,ZTD05/Weapons/BP_ZTD05_ZPL-98A_HEAT,BP_Projectile_115mm_HEAT,Explosion_Suppression_120mm_HEAT,False,,7,730,1900.0,450,1,8,9.0,1.5,1.5,2.0,,,4.5,1687.5,2400.0,5.0,200.0,350.0,1600.0,100.0,1900.0,1
Shared_Vehicle_Weapons,,Generic Tank Cannon,Tank main gun,tankap,Shared_Vehicle_Weapons/BP_TankGun,BP_Projectile_120mm_AP,Projectile_Suppression_120mm_AP,False,,8,1100,,800,1,20,8.0,1.5,1.5,2.0,5.0,,,,,,,,,,,1
T64_BM2,Tank,3BK18M 125mm High Explosive Anti-Tank,Tank main gun,tankheat,T64_BM2/Weapons/BP_KBA3_HEAT,BP_Projectile_125mm_HEAT,Explosion_Suppression_120mm_HEAT,False,,8,1100,1900.0,500,1,10,8.0,1.5,1.5,2.0,,,4.5,1687.5,2400.0,5.0,200.0,350.0,1600.0,100.0,1900.0,2
Sprut-SDM1,Tank,3BK29M 125mm High Explosive Anti-Tank,Tank main gun,tankheat,Sprut-SDM1/Weapons/BP_2A45_HEAT,BP_Projectile_125mm_HEAT,Explosion_Suppression_120mm_HEAT,False,,8,1100,1900.0,500,1,6,8.0,1.5,1.5,2.0,,,4.5,1687.5,2400.0,5.0,200.0,350.0,1600.0,100.0,1900.0,3
T62,Tank,3BM-4 115mm Armor-Piercing Sabot,Tank main gun,tankap,T62/Weapons/BP_2A20_AP,BP_Projectile_120mm_AP,Projectile_Suppression_120mm_AP,False,,7,1300,,550,1,12,9.0,1.5,1.5,2.0,5.0,,,,,,,,,,,1
T72A,Tank,3BM32 125mm Armor-Piercing Sabot,Tank main gun,tankap,T72A/Weapons/BP_2A46_T72A_AP,BP_Projectile_120mm_AP,Projectile_Suppression_120mm_AP,False,,8,1300,,800,1,16,8.0,1.5,1.5,2.0,5.0,,,,,,,,,,,1
T64_BM2,Tank,3BM42 125mm Armor-Piercing Sabot,Tank main gun,tankap,T64_BM2/Weapons/BP_KBA3_AP,BP_Projectile_120mm_AP,Projectile_Suppression_120mm_AP,False,,8,1300,,800,1,20,8.0,1.5,1.5,2.0,5.0,,,,,,,,,,,1
Sprut-SDM1,Tank,3BM60 125mm Armor-Piercing Sabot,Tank main gun,tankap,Sprut-SDM1/Weapons/BP_2A45_AP,BP_Projectile_120mm_AP,Projectile_Suppression_120mm_AP,False,,8,1300,,800,1,14,8.0,1.5,1.5,2.0,5.0,,,,,,,,,,,3
T64_BM2,Tank,3OF26 125mm Fragmentation,Tank main gun,tankhe,T64_BM2/Weapons/BP_KBA3_Frag,BP_Projectile_125mm_Frag,Explosion_Suppression_120mm_Frag,False,,8,1100,200.0,10,1,7,8.0,1.5,1.5,2.0,,,5.0,1687.5,5000.0,6.0,300.0,400.0,3500.0,200.0,200.0,2
Sprut-SDM1,Tank,3OF82 125mm Fragmentation,Tank main gun,tankhe,Sprut-SDM1/Weapons/BP_2A45_Frag,BP_Projectile_125mm_Frag,Explosion_Suppression_120mm_Frag,False,,8,1100,200.0,10,1,14,8.0,1.5,1.5,2.0,,,5.0,1687.5,5000.0,6.0,300.0,400.0,3500.0,200.0,200.0,3
T62,Tank,BK-4M 115mm High Explosive Anti-Tank,Tank main gun,tankheat,T62/Weapons/BP_2A20_HEAT,BP_Projectile_115mm_HEAT,Explosion_Suppression_120mm_HEAT,False,,7,1100,1900.0,450,1,8,9.0,1.5,1.5,2.0,,,4.5,1687.5,2400.0,5.0,200.0,350.0,1600.0,100.0,1900.0,1
T72AV,Tank,BK18M 125mm High Explosive Anti-Tank,Tank main gun,tankheat,T72AV/Weapons/BP_2A46_T72S_HEAT,BP_Projectile_125mm_HEAT,Explosion_Suppression_120mm_HEAT,False,,8,1100,1900.0,500,1,12,8.0,1.5,1.5,2.0,,,4.5,1687.5,2400.0,5.0,200.0,350.0,1600.0,100.0,1900.0,1
T72AV,Tank,BM32 125mm Armor-Piercing Sabot,Tank main gun,tankap,T72AV/Weapons/BP_2A46_T72S_AP,BP_Projectile_120mm_AP,Projectile_Suppression_120mm_AP,False,,8,1300,,800,1,16,8.0,1.5,1.5,2.0,5.0,,,,,,,,,,,1
Leopard2,Tank,DM12 120mm High Explosive Anti-Tank,Tank main gun,tankheat,Leopard2/Weapons/BP_L55_HEAT,BP_Projectile_120mm_HEAT,Explosion_Suppression_120mm_HEAT,False,,8,1100,1900.0,400,1,21,8.0,1.2000000476837158,1.5,2.0,,,4.5,1687.5,2400.0,5.0,200.0,700.0,2000.0,200.0,1900.0,1
Leopard2,Tank,DM53 120mm Armor-Piercing Sabot,Tank main gun,tankap,Leopard2/Weapons/BP_L55_AP,BP_Projectile_120mm_AP,Projectile_Suppression_120mm_AP,False,60,8,1200,,800,1,21,8.0,1.2000000476837158,1.5,2.0,5.0,,,,,,,,,,,1
ZTZ99,Tank,DTB12-125 125mm High Explosive,Tank main gun,tankhe,ZTZ99/Weapons/BP_ZPT-98_HE,BP_Projectile_125mm_Frag,Explosion_Suppression_120mm_Frag,False,,8,1100,200.0,10,1,12,8.0,1.5,1.5,2.0,,,5.0,1687.5,5000.0,6.0,300.0,400.0,3500.0,200.0,200.0,1
ZTZ99,Tank,DTC10-125 125mm Armor-Piercing Sabot,Tank main gun,tankap,ZTZ99/Weapons/BP_ZPT-98_AP,BP_Projectile_120mm_AP,Projectile_Suppression_120mm_AP,False,,8,1300,,800,1,15,8.0,1.5,1.5,2.0,5.0,,,,,,,,,,,1
ZTZ99,Tank,DTP10-125 125mm High Explosive Anti-Tank,Tank main gun,tankheat,ZTZ99/Weapons/BP_ZPT-98_HEAT,BP_Projectile_125mm_HEAT,Explosion_Suppression_120mm_HEAT,False,,8,1100,1900.0,500,1,12,8.0,1.5,1.5,2.0,,,4.5,1687.5,2400.0,5.0,200.0,350.0,1600.0,100.0,1900.0,1
AUS_M1A1,Tank,KEW-A2 120mm Armor-Piercing Sabot,Tank main gun,tankap,AUS_M1A1/Weapons/BP_M256A1_AP_ADF,BP_Projectile_120mm_AP,Projectile_Suppression_120mm_AP,False,60,9,1200,,800,1,21,6.5,1.5,1.5,2.0,5.0,,,,,,,,,,,1
FV4034,Tank,L27A1 CHARM 120mm Armor-Piercing Sabot,Tank main gun,tankap,FV4034/Weapons/BP_L30A1_AP,BP_Projectile_120mm_AP,Projectile_Suppression_120mm_AP,False,60,8,1500,,800,1,25,8.0,1.5,1.5,2.0,5.0,,,,,,,,,,,1
FV4034,Tank,L31A7 120mm High Explosive Squash Head,Tank main gun,tankheat,FV4034/Weapons/BP_L30A1_HESH,BP_Projectile_120mm_HEAT,Explosion_Suppression_120mm_HEAT,False,,8,670,1900.0,400,1,16,8.0,1.5,1.5,2.0,,,4.5,1687.5,2400.0,5.0,200.0,700.0,2000.0,200.0,1900.0,1
M60T,Tank,M322 120mm Armor-Piercing Sabot,Tank main gun,tankap,M60T/Weapons/BP_MG253_AP,BP_Projectile_120mm_AP,Projectile_Suppression_120mm_AP,False,60,8,1200,,800,1,21,8.0,1.5,1.5,2.0,5.0,,,,,,,,,,,2
M60T,Tank,M339 120mm High Explosive,Tank main gun,tankhe,M60T/Weapons/BP_MG253_Frag,BP_Projectile_125mm_Frag,Explosion_Suppression_120mm_Frag,False,60,8,1100,200.0,10,1,20,8.0,1.5,1.5,2.0,,,5.0,1687.5,5000.0,6.0,300.0,400.0,3500.0,200.0,200.0,2
M1128_MGS,Tank,M393A3 105mm High Explosive Squash Head,Tank main gun,tankheat,M1128_MGS/Weapons/BP_M68A2_HESH,BP_Projectile_120mm_HEAT,Explosion_Suppression_120mm_HEAT,False,,10,1100,1900.0,400,1,8,6.0,1.5,1.5,2.0,,,4.5,1687.5,2400.0,5.0,200.0,700.0,2000.0,200.0,1900.0,1
M1128_MGS,Tank,M456A2 105mm High Explosive Anti-Tank,Tank main gun,tankheat,M1128_MGS/Weapons/BP_M68A2_HEAT,BP_Projectile_120mm_HEAT,Explosion_Suppression_120mm_HEAT,False,,10,1100,1900.0,400,1,10,6.0,1.5,1.5,2.0,,,4.5,1687.5,2400.0,5.0,200.0,700.0,2000.0,200.0,1900.0,1
M1A2,Tank,M829A4 120mm Armor-Piercing Sabot,Tank main gun,tankap,M1A2/Weapons/BP_M256A1_AP,BP_Projectile_120mm_AP,Projectile_Suppression_120mm_AP,False,60,9,1200,,800,1,21,6.5,1.5,1.5,2.0,5.0,,,,,,,,,,,1
M1A2,Tank,M830A1 120mm High Explosive Anti-Tank,Tank main gun,tankheat,M1A2/Weapons/BP_M256A1_HEAT,BP_Projectile_120mm_HEAT,Explosion_Suppression_120mm_HEAT,False,,9,1100,1900.0,400,1,21,6.5,1.5,1.5,2.0,,,4.5,1687.5,2400.0,5.0,200.0,700.0,2000.0,200.0,1900.0,1
M1128_MGS,Tank,M900 105mm Armor-Piercing Sabot,Tank main gun,tankap,M1128_MGS/Weapons/BP_M68A2_AP,BP_Projectile_120mm_AP,Projectile_Suppression_120mm_AP,False,60,10,1500,,800,1,6,6.0,1.5,1.5,2.0,5.0,,,,,,,,,,,1
T62,Tank,OF-11 115mm Fragmentation,Tank main gun,tankhe,T62/Weapons/BP_2A20_Frag,BP_Projectile_125mm_Frag,Explosion_Suppression_120mm_Frag,False,,7,1100,200.0,10,1,20,9.0,1.5,1.5,2.0,,,5.0,1687.5,5000.0,6.0,300.0,400.0,3500.0,200.0,200.0,1
T72AV,Tank,OF26 125mm Fragmentation,Tank main gun,tankhe,T72AV/Weapons/BP_2A46_T72S_Frag,BP_Projectile_125mm_Frag,Explosion_Suppression_120mm_Frag,False,,8,1100,200.0,10,1,22,8.0,1.5,1.5,2.0,,,5.0,1687.5,5000.0,6.0,300.0,400.0,3500.0,200.0,200.0,1
