weapon,faction,caliber,asset,projectile,suppression_profile,profile_source,suppression_power,max_suppression_threshold,suppression_range_m,power_at_1m,power_at_2m,power_at_3m,power_at_4m,add_suppress_sway,max_suppress_sway_factor,suppress_sway_release,obstructed_closeness_mult,lof_suppress_range,rpm,supp_per_sec_at_1m,muzzle_velocity_ms,curve_asset,curve_keys
M4A1,USA,5.56x45,Rifles/BP_M4A1,BP_Projectile,Projectile_SuppressionInfo_Rifle,projectile,0.09,1.15,5.0,0.125,0.0983,0.0675,0.0337,1.125,30.0,5.0,1.0,0.0,833,1.735,880,FC_SuppressionPower_RIfles,1m:0.125; 2.407m:0.0875; 5m:0.0
M16A4,USA,5.56x45,Rifles/BP_M16A4,BP_Projectile,Projectile_SuppressionInfo_Rifle,projectile,0.09,1.15,5.0,0.125,0.0983,0.0675,0.0337,1.125,30.0,5.0,1.0,0.0,833,1.735,880,FC_SuppressionPower_RIfles,1m:0.125; 2.407m:0.0875; 5m:0.0
AK-74M,RUS,5.45x39,Rifles/BP_AK74M,BP_Projectile,Projectile_SuppressionInfo_Rifle,projectile,0.09,1.15,5.0,0.125,0.0983,0.0675,0.0337,1.125,30.0,5.0,1.0,0.0,652,1.358,880,FC_SuppressionPower_RIfles,1m:0.125; 2.407m:0.0875; 5m:0.0
AK-12,RUS,5.45x39,Rifles/BP_AK12,BP_Projectile,Projectile_SuppressionInfo_Rifle,projectile,0.09,1.15,5.0,0.125,0.0983,0.0675,0.0337,1.125,30.0,5.0,1.0,0.0,706,1.471,880,FC_SuppressionPower_RIfles,1m:0.125; 2.407m:0.0875; 5m:0.0
AKM,INS/MEA,7.62x39,Rifles/BP_AKM,BP_Projectile_7_62mm,Projectile_SuppressionInfo_Rifle,weapon override,0.09,1.15,5.0,0.125,0.0983,0.0675,0.0337,1.125,30.0,5.0,1.0,0.0,600,1.25,715,FC_SuppressionPower_RIfles,1m:0.125; 2.407m:0.0875; 5m:0.0
L85A2,GB,5.56x45,Rifles/BP_L85A2,BP_Projectile,Projectile_SuppressionInfo_Rifle,projectile,0.09,1.15,5.0,0.125,0.0983,0.0675,0.0337,1.125,30.0,5.0,1.0,0.0,652,1.358,940,FC_SuppressionPower_RIfles,1m:0.125; 2.407m:0.0875; 5m:0.0
QBZ-95-1,PLA,5.8x42,Rifles/BP_QBZ95-1,BP_Projectile,Projectile_SuppressionInfo_Rifle,projectile,0.09,1.15,5.0,0.125,0.0983,0.0675,0.0337,1.125,30.0,5.0,1.0,0.0,652,1.358,940,FC_SuppressionPower_RIfles,1m:0.125; 2.407m:0.0875; 5m:0.0
G3A3,MEA/INS,7.62x51,Rifles/BP_G3A3,BP_Projectile_7_62mm,Projectile_Suppression_BattleRifle,weapon override,0.35,1.15,5.0,0.3,0.095,0.0633,0.0317,3.5,30.0,5.0,1.0,0.0,600,3.0,800,FC_SuppressionPower_BattleRifle,1m:0.3; 2m:0.095; 5m:0.0
M14 (DMR),USA,7.62x51,Rifles/BP_M14,BP_Projectile_7_62mm,Projectile_Suppression_BattleRifle,weapon override,0.35,1.15,5.0,0.3,0.095,0.0633,0.0317,3.5,30.0,5.0,1.0,0.0,667,3.335,715,FC_SuppressionPower_BattleRifle,1m:0.3; 2m:0.095; 5m:0.0
AS VAL,RUS,9x39 subsonic,Rifles/BP_ASVAL,BP_Projectile_Subsonic,Projectile_Suppression_Pistol,projectile,0.09,1.15,5.0,0.1,0.0637,0.0324,0.0099,1.125,30.0,5.0,1.0,0.0,652,1.087,495,FC_SuppressionPower_Pistols,0m:0.1; 1m:0.1; 5m:0.0
